Workbook

Sheet Score Board
B3: Player | C3: Callum | D3: Charlotte | E3: Ellena | F3: George | G3: Harry | H3: Nicola | I3: Reece | J3: Rory | K3: Ruby | L3: Sam A | M3: Sam L | N3: Will | O3: Caius
B4: GW1 | C4: {=IF(INDIRECT("Sheet2!D" & 9 + (ROW(C4)-ROW($C$4))*7)=0, "", INDIRECT("Sheet2!D" & 9 + (ROW(C4)-ROW($C$4))*7))} | D4: {=IF(INDIRECT("Sheet2!E" & 9 + (ROW(D4)-ROW($C$4))*7)=0, "", INDIRECT("Sheet2!E" & 9 + (ROW(D4)-ROW($C$4))*7))} | E4: {=IF(INDIRECT("Sheet2!F" & 9 + (ROW(E4)-ROW($C$4))*7)=0, "", INDIRECT("Sheet2!F" & 9 + (ROW(E4)-ROW($C$4))*7))} | F4: {=IF(INDIRECT("Sheet2!G" & 9 + (ROW(F4)-ROW($C$4))*7)=0, "", INDIRECT("Sheet2!G" & 9 + (ROW(F4)-ROW($C$4))*7))} | G4: {=IF(INDIRECT("Sheet2!H" & 9 + (ROW(G4)-ROW($C$4))*7)=0, "", INDIRECT("Sheet2!H" & 9 + (ROW(G4)-ROW($C$4))*7))} | H4: {=IF(INDIRECT("Sheet2!I" & 9 + (ROW(H4)-ROW($C$4))*7)=0, "", INDIRECT("Sheet2!I" & 9 + (ROW(H4)-ROW($C$4))*7))} | I4: {=IF(INDIRECT("Sheet2!J" & 9 + (ROW(I4)-ROW($C$4))*7)=0, "", INDIRECT("Sheet2!J" & 9 + (ROW(I4)-ROW($C$4))*7))} | J4: {=IF(INDIRECT("Sheet2!K" & 9 + (ROW(J4)-ROW($C$4))*7)=0, "", INDIRECT("Sheet2!K" & 9 + (ROW(J4)-ROW($C$4))*7))} | K4: {=IF(INDIRECT("Sheet2!L" & 9 + (ROW(K4)-ROW($C$4))*7)=0, "", INDIRECT("Sheet2!L" & 9 + (ROW(K4)-ROW($C$4))*7))} | L4: {=IF(INDIRECT("Sheet2!M" & 9 + (ROW(L4)-ROW($C$4))*7)=0, "", INDIRECT("Sheet2!M" & 9 + (ROW(L4)-ROW($C$4))*7))} | M4: {=IF(INDIRECT("Sheet2!N" & 9 + (ROW(M4)-ROW($C$4))*7)=0, "", INDIRECT("Sheet2!N" & 9 + (ROW(M4)-ROW($C$4))*7))} | N4: {=IF(INDIRECT("Sheet2!O" & 9 + (ROW(O4)-ROW($C$4))*7)=0, "", INDIRECT("Sheet2!O" & 9 + (ROW(O4)-ROW($C$4))*7))} | O4: {=IF(INDIRECT("Sheet2!P" & 9 + (ROW(P4)-ROW($C$4))*7)=0, "", INDIRECT("Sheet2!P" & 9 + (ROW(P4)-ROW($C$4))*7))}
B5: GW2 | C5: {=IF(INDIRECT("Sheet2!D" & 9 + (ROW(C5)-ROW($C$4))*7)=0, "", INDIRECT("Sheet2!D" & 9 + (ROW(C5)-ROW($C$4))*7))} | D5: {=IF(INDIRECT("Sheet2!E" & 9 + (ROW(D5)-ROW($C$4))*7)=0, "", INDIRECT("Sheet2!E" & 9 + (ROW(D5)-ROW($C$4))*7))} | E5: {=IF(INDIRECT("Sheet2!F" & 9 + (ROW(E5)-ROW($C$4))*7)=0, "", INDIRECT("Sheet2!F" & 9 + (ROW(E5)-ROW($C$4))*7))} | F5: {=IF(INDIRECT("Sheet2!G" & 9 + (ROW(F5)-ROW($C$4))*7)=0, "", INDIRECT("Sheet2!G" & 9 + (ROW(F5)-ROW($C$4))*7))} | G5: {=IF(INDIRECT("Sheet2!H" & 9 + (ROW(G5)-ROW($C$4))*7)=0, "", INDIRECT("Sheet2!H" & 9 + (ROW(G5)-ROW($C$4))*7))} | H5: {=IF(INDIRECT("Sheet2!I" & 9 + (ROW(H5)-ROW($C$4))*7)=0, "", INDIRECT("Sheet2!I" & 9 + (ROW(H5)-ROW($C$4))*7))} | I5: {=IF(INDIRECT("Sheet2!J" & 9 + (ROW(I5)-ROW($C$4))*7)=0, "", INDIRECT("Sheet2!J" & 9 + (ROW(I5)-ROW($C$4))*7))} | J5: {=IF(INDIRECT("Sheet2!K" & 9 + (ROW(J5)-ROW($C$4))*7)=0, "", INDIRECT("Sheet2!K" & 9 + (ROW(J5)-ROW($C$4))*7))} | K5: {=IF(INDIRECT("Sheet2!L" & 9 + (ROW(K5)-ROW($C$4))*7)=0, "", INDIRECT("Sheet2!L" & 9 + (ROW(K5)-ROW($C$4))*7))} | L5: {=IF(INDIRECT("Sheet2!M" & 9 + (ROW(L5)-ROW($C$4))*7)=0, "", INDIRECT("Sheet2!M" & 9 + (ROW(L5)-ROW($C$4))*7))} | M5: {=IF(INDIRECT("Sheet2!N" & 9 + (ROW(M5)-ROW($C$4))*7)=0, "", INDIRECT("Sheet2!N" & 9 + (ROW(M5)-ROW($C$4))*7))} | N5: {=IF(INDIRECT("Sheet2!O" & 9 + (ROW(O5)-ROW($C$4))*7)=0, "", INDIRECT("Sheet2!O" & 9 + (ROW(O5)-ROW($C$4))*7))} | O5: {=IF(INDIRECT("Sheet2!P" & 9 + (ROW(P5)-ROW($C$4))*7)=0, "", INDIRECT("Sheet2!P" & 9 + (ROW(P5)-ROW($C$4))*7))}
B6: GW3 | C6: {=IF(INDIRECT("Sheet2!D" & 9 + (ROW(C6)-ROW($C$4))*7)=0, "", INDIRECT("Sheet2!D" & 9 + (ROW(C6)-ROW($C$4))*7))} | D6: {=IF(INDIRECT("Sheet2!E" & 9 + (ROW(D6)-ROW($C$4))*7)=0, "", INDIRECT("Sheet2!E" & 9 + (ROW(D6)-ROW($C$4))*7))} | E6: {=IF(INDIRECT("Sheet2!F" & 9 + (ROW(E6)-ROW($C$4))*7)=0, "", INDIRECT("Sheet2!F" & 9 + (ROW(E6)-ROW($C$4))*7))} | F6: {=IF(INDIRECT("Sheet2!G" & 9 + (ROW(F6)-ROW($C$4))*7)=0, "", INDIRECT("Sheet2!G" & 9 + (ROW(F6)-ROW($C$4))*7))} | G6: {=IF(INDIRECT("Sheet2!H" & 9 + (ROW(G6)-ROW($C$4))*7)=0, "", INDIRECT("Sheet2!H" & 9 + (ROW(G6)-ROW($C$4))*7))} | H6: {=IF(INDIRECT("Sheet2!I" & 9 + (ROW(H6)-ROW($C$4))*7)=0, "", INDIRECT("Sheet2!I" & 9 + (ROW(H6)-ROW($C$4))*7))} | I6: {=IF(INDIRECT("Sheet2!J" & 9 + (ROW(I6)-ROW($C$4))*7)=0, "", INDIRECT("Sheet2!J" & 9 + (ROW(I6)-ROW($C$4))*7))} | J6: {=IF(INDIRECT("Sheet2!K" & 9 + (ROW(J6)-ROW($C$4))*7)=0, "", INDIRECT("Sheet2!K" & 9 + (ROW(J6)-ROW($C$4))*7))} | K6: {=IF(INDIRECT("Sheet2!L" & 9 + (ROW(K6)-ROW($C$4))*7)=0, "", INDIRECT("Sheet2!L" & 9 + (ROW(K6)-ROW($C$4))*7))} | L6: {=IF(INDIRECT("Sheet2!M" & 9 + (ROW(L6)-ROW($C$4))*7)=0, "", INDIRECT("Sheet2!M" & 9 + (ROW(L6)-ROW($C$4))*7))} | M6: {=IF(INDIRECT("Sheet2!N" & 9 + (ROW(M6)-ROW($C$4))*7)=0, "", INDIRECT("Sheet2!N" & 9 + (ROW(M6)-ROW($C$4))*7))} | N6: {=IF(INDIRECT("Sheet2!O" & 9 + (ROW(O6)-ROW($C$4))*7)=0, "", INDIRECT("Sheet2!O" & 9 + (ROW(O6)-ROW($C$4))*7))} | O6: {=IF(INDIRECT("Sheet2!P" & 9 + (ROW(P6)-ROW($C$4))*7)=0, "", INDIRECT("Sheet2!P" & 9 + (ROW(P6)-ROW($C$4))*7))}
B7: GW4 | C7: {=IF(INDIRECT("Sheet2!D" & 9 + (ROW(C7)-ROW($C$4))*7)=0, "", INDIRECT("Sheet2!D" & 9 + (ROW(C7)-ROW($C$4))*7))} | D7: {=IF(INDIRECT("Sheet2!E" & 9 + (ROW(D7)-ROW($C$4))*7)=0, "", INDIRECT("Sheet2!E" & 9 + (ROW(D7)-ROW($C$4))*7))} | E7: {=IF(INDIRECT("Sheet2!F" & 9 + (ROW(E7)-ROW($C$4))*7)=0, "", INDIRECT("Sheet2!F" & 9 + (ROW(E7)-ROW($C$4))*7))} | F7: {=IF(INDIRECT("Sheet2!G" & 9 + (ROW(F7)-ROW($C$4))*7)=0, "", INDIRECT("Sheet2!G" & 9 + (ROW(F7)-ROW($C$4))*7))} | G7: {=IF(INDIRECT("Sheet2!H" & 9 + (ROW(G7)-ROW($C$4))*7)=0, "", INDIRECT("Sheet2!H" & 9 + (ROW(G7)-ROW($C$4))*7))} | H7: {=IF(INDIRECT("Sheet2!I" & 9 + (ROW(H7)-ROW($C$4))*7)=0, "", INDIRECT("Sheet2!I" & 9 + (ROW(H7)-ROW($C$4))*7))} | I7: {=IF(INDIRECT("Sheet2!J" & 9 + (ROW(I7)-ROW($C$4))*7)=0, "", INDIRECT("Sheet2!J" & 9 + (ROW(I7)-ROW($C$4))*7))} | J7: {=IF(INDIRECT("Sheet2!K" & 9 + (ROW(J7)-ROW($C$4))*7)=0, "", INDIRECT("Sheet2!K" & 9 + (ROW(J7)-ROW($C$4))*7))} | K7: {=IF(INDIRECT("Sheet2!L" & 9 + (ROW(K7)-ROW($C$4))*7)=0, "", INDIRECT("Sheet2!L" & 9 + (ROW(K7)-ROW($C$4))*7))} | L7: {=IF(INDIRECT("Sheet2!M" & 9 + (ROW(L7)-ROW($C$4))*7)=0, "", INDIRECT("Sheet2!M" & 9 + (ROW(L7)-ROW($C$4))*7))} | M7: {=IF(INDIRECT("Sheet2!N" & 9 + (ROW(M7)-ROW($C$4))*7)=0, "", INDIRECT("Sheet2!N" & 9 + (ROW(M7)-ROW($C$4))*7))} | N7: {=IF(INDIRECT("Sheet2!O" & 9 + (ROW(O7)-ROW($C$4))*7)=0, "", INDIRECT("Sheet2!O" & 9 + (ROW(O7)-ROW($C$4))*7))} | O7: {=IF(INDIRECT("Sheet2!P" & 9 + (ROW(P7)-ROW($C$4))*7)=0, "", INDIRECT("Sheet2!P" & 9 + (ROW(P7)-ROW($C$4))*7))}
B8: GW5 | C8: {=IF(INDIRECT("Sheet2!D" & 9 + (ROW(C8)-ROW($C$4))*7)=0, "", INDIRECT("Sheet2!D" & 9 + (ROW(C8)-ROW($C$4))*7))} | D8: {=IF(INDIRECT("Sheet2!E" & 9 + (ROW(D8)-ROW($C$4))*7)=0, "", INDIRECT("Sheet2!E" & 9 + (ROW(D8)-ROW($C$4))*7))} | E8: {=IF(INDIRECT("Sheet2!F" & 9 + (ROW(E8)-ROW($C$4))*7)=0, "", INDIRECT("Sheet2!F" & 9 + (ROW(E8)-ROW($C$4))*7))} | F8: {=IF(INDIRECT("Sheet2!G" & 9 + (ROW(F8)-ROW($C$4))*7)=0, "", INDIRECT("Sheet2!G" & 9 + (ROW(F8)-ROW($C$4))*7))} | G8: {=IF(INDIRECT("Sheet2!H" & 9 + (ROW(G8)-ROW($C$4))*7)=0, "", INDIRECT("Sheet2!H" & 9 + (ROW(G8)-ROW($C$4))*7))} | H8: {=IF(INDIRECT("Sheet2!I" & 9 + (ROW(H8)-ROW($C$4))*7)=0, "", INDIRECT("Sheet2!I" & 9 + (ROW(H8)-ROW($C$4))*7))} | I8: {=IF(INDIRECT("Sheet2!J" & 9 + (ROW(I8)-ROW($C$4))*7)=0, "", INDIRECT("Sheet2!J" & 9 + (ROW(I8)-ROW($C$4))*7))} | J8: {=IF(INDIRECT("Sheet2!K" & 9 + (ROW(J8)-ROW($C$4))*7)=0, "", INDIRECT("Sheet2!K" & 9 + (ROW(J8)-ROW($C$4))*7))} | K8: {=IF(INDIRECT("Sheet2!L" & 9 + (ROW(K8)-ROW($C$4))*7)=0, "", INDIRECT("Sheet2!L" & 9 + (ROW(K8)-ROW($C$4))*7))} | L8: {=IF(INDIRECT("Sheet2!M" & 9 + (ROW(L8)-ROW($C$4))*7)=0, "", INDIRECT("Sheet2!M" & 9 + (ROW(L8)-ROW($C$4))*7))} | M8: {=IF(INDIRECT("Sheet2!N" & 9 + (ROW(M8)-ROW($C$4))*7)=0, "", INDIRECT("Sheet2!N" & 9 + (ROW(M8)-ROW($C$4))*7))} | N8: {=IF(INDIRECT("Sheet2!O" & 9 + (ROW(O8)-ROW($C$4))*7)=0, "", INDIRECT("Sheet2!O" & 9 + (ROW(O8)-ROW($C$4))*7))} | O8: {=IF(INDIRECT("Sheet2!P" & 9 + (ROW(P8)-ROW($C$4))*7)=0, "", INDIRECT("Sheet2!P" & 9 + (ROW(P8)-ROW($C$4))*7))}
B9: GW6 | C9: {=IF(INDIRECT("Sheet2!D" & 9 + (ROW(C9)-ROW($C$4))*7)=0, "", INDIRECT("Sheet2!D" & 9 + (ROW(C9)-ROW($C$4))*7))} | D9: {=IF(INDIRECT("Sheet2!E" & 9 + (ROW(D9)-ROW($C$4))*7)=0, "", INDIRECT("Sheet2!E" & 9 + (ROW(D9)-ROW($C$4))*7))} | E9: {=IF(INDIRECT("Sheet2!F" & 9 + (ROW(E9)-ROW($C$4))*7)=0, "", INDIRECT("Sheet2!F" & 9 + (ROW(E9)-ROW($C$4))*7))} | F9: {=IF(INDIRECT("Sheet2!G" & 9 + (ROW(F9)-ROW($C$4))*7)=0, "", INDIRECT("Sheet2!G" & 9 + (ROW(F9)-ROW($C$4))*7))} | G9: {=IF(INDIRECT("Sheet2!H" & 9 + (ROW(G9)-ROW($C$4))*7)=0, "", INDIRECT("Sheet2!H" & 9 + (ROW(G9)-ROW($C$4))*7))} | H9: {=IF(INDIRECT("Sheet2!I" & 9 + (ROW(H9)-ROW($C$4))*7)=0, "", INDIRECT("Sheet2!I" & 9 + (ROW(H9)-ROW($C$4))*7))} | I9: {=IF(INDIRECT("Sheet2!J" & 9 + (ROW(I9)-ROW($C$4))*7)=0, "", INDIRECT("Sheet2!J" & 9 + (ROW(I9)-ROW($C$4))*7))} | J9: {=IF(INDIRECT("Sheet2!K" & 9 + (ROW(J9)-ROW($C$4))*7)=0, "", INDIRECT("Sheet2!K" & 9 + (ROW(J9)-ROW($C$4))*7))} | K9: {=IF(INDIRECT("Sheet2!L" & 9 + (ROW(K9)-ROW($C$4))*7)=0, "", INDIRECT("Sheet2!L" & 9 + (ROW(K9)-ROW($C$4))*7))} | L9: {=IF(INDIRECT("Sheet2!M" & 9 + (ROW(L9)-ROW($C$4))*7)=0, "", INDIRECT("Sheet2!M" & 9 + (ROW(L9)-ROW($C$4))*7))} | M9: {=IF(INDIRECT("Sheet2!N" & 9 + (ROW(M9)-ROW($C$4))*7)=0, "", INDIRECT("Sheet2!N" & 9 + (ROW(M9)-ROW($C$4))*7))} | N9: {=IF(INDIRECT("Sheet2!O" & 9 + (ROW(O9)-ROW($C$4))*7)=0, "", INDIRECT("Sheet2!O" & 9 + (ROW(O9)-ROW($C$4))*7))} | O9: {=IF(INDIRECT("Sheet2!P" & 9 + (ROW(P9)-ROW($C$4))*7)=0, "", INDIRECT("Sheet2!P" & 9 + (ROW(P9)-ROW($C$4))*7))}
B10: GW7 | C10: {=IF(INDIRECT("Sheet2!D" & 9 + (ROW(C10)-ROW($C$4))*7)=0, "", INDIRECT("Sheet2!D" & 9 + (ROW(C10)-ROW($C$4))*7))} | D10: {=IF(INDIRECT("Sheet2!E" & 9 + (ROW(D10)-ROW($C$4))*7)=0, "", INDIRECT("Sheet2!E" & 9 + (ROW(D10)-ROW($C$4))*7))} | E10: {=IF(INDIRECT("Sheet2!F" & 9 + (ROW(E10)-ROW($C$4))*7)=0, "", INDIRECT("Sheet2!F" & 9 + (ROW(E10)-ROW($C$4))*7))} | F10: {=IF(INDIRECT("Sheet2!G" & 9 + (ROW(F10)-ROW($C$4))*7)=0, "", INDIRECT("Sheet2!G" & 9 + (ROW(F10)-ROW($C$4))*7))} | G10: {=IF(INDIRECT("Sheet2!H" & 9 + (ROW(G10)-ROW($C$4))*7)=0, "", INDIRECT("Sheet2!H" & 9 + (ROW(G10)-ROW($C$4))*7))} | H10: {=IF(INDIRECT("Sheet2!I" & 9 + (ROW(H10)-ROW($C$4))*7)=0, "", INDIRECT("Sheet2!I" & 9 + (ROW(H10)-ROW($C$4))*7))} | I10: {=IF(INDIRECT("Sheet2!J" & 9 + (ROW(I10)-ROW($C$4))*7)=0, "", INDIRECT("Sheet2!J" & 9 + (ROW(I10)-ROW($C$4))*7))} | J10: {=IF(INDIRECT("Sheet2!K" & 9 + (ROW(J10)-ROW($C$4))*7)=0, "", INDIRECT("Sheet2!K" & 9 + (ROW(J10)-ROW($C$4))*7))} | K10: {=IF(INDIRECT("Sheet2!L" & 9 + (ROW(K10)-ROW($C$4))*7)=0, "", INDIRECT("Sheet2!L" & 9 + (ROW(K10)-ROW($C$4))*7))} | L10: {=IF(INDIRECT("Sheet2!M" & 9 + (ROW(L10)-ROW($C$4))*7)=0, "", INDIRECT("Sheet2!M" & 9 + (ROW(L10)-ROW($C$4))*7))} | M10: {=IF(INDIRECT("Sheet2!N" & 9 + (ROW(M10)-ROW($C$4))*7)=0, "", INDIRECT("Sheet2!N" & 9 + (ROW(M10)-ROW($C$4))*7))} | N10: {=IF(INDIRECT("Sheet2!O" & 9 + (ROW(O10)-ROW($C$4))*7)=0, "", INDIRECT("Sheet2!O" & 9 + (ROW(O10)-ROW($C$4))*7))} | O10: {=IF(INDIRECT("Sheet2!P" & 9 + (ROW(P10)-ROW($C$4))*7)=0, "", INDIRECT("Sheet2!P" & 9 + (ROW(P10)-ROW($C$4))*7))}
B11: GW8 | C11: {=IF(INDIRECT("Sheet2!D" & 9 + (ROW(C11)-ROW($C$4))*7)=0, "", INDIRECT("Sheet2!D" & 9 + (ROW(C11)-ROW($C$4))*7))} | D11: {=IF(INDIRECT("Sheet2!E" & 9 + (ROW(D11)-ROW($C$4))*7)=0, "", INDIRECT("Sheet2!E" & 9 + (ROW(D11)-ROW($C$4))*7))} | E11: {=IF(INDIRECT("Sheet2!F" & 9 + (ROW(E11)-ROW($C$4))*7)=0, "", INDIRECT("Sheet2!F" & 9 + (ROW(E11)-ROW($C$4))*7))} | F11: {=IF(INDIRECT("Sheet2!G" & 9 + (ROW(F11)-ROW($C$4))*7)=0, "", INDIRECT("Sheet2!G" & 9 + (ROW(F11)-ROW($C$4))*7))} | G11: {=IF(INDIRECT("Sheet2!H" & 9 + (ROW(G11)-ROW($C$4))*7)=0, "", INDIRECT("Sheet2!H" & 9 + (ROW(G11)-ROW($C$4))*7))} | H11: {=IF(INDIRECT("Sheet2!I" & 9 + (ROW(H11)-ROW($C$4))*7)=0, "", INDIRECT("Sheet2!I" & 9 + (ROW(H11)-ROW($C$4))*7))} | I11: {=IF(INDIRECT("Sheet2!J" & 9 + (ROW(I11)-ROW($C$4))*7)=0, "", INDIRECT("Sheet2!J" & 9 + (ROW(I11)-ROW($C$4))*7))} | J11: {=IF(INDIRECT("Sheet2!K" & 9 + (ROW(J11)-ROW($C$4))*7)=0, "", INDIRECT("Sheet2!K" & 9 + (ROW(J11)-ROW($C$4))*7))} | K11: {=IF(INDIRECT("Sheet2!L" & 9 + (ROW(K11)-ROW($C$4))*7)=0, "", INDIRECT("Sheet2!L" & 9 + (ROW(K11)-ROW($C$4))*7))} | L11: {=IF(INDIRECT("Sheet2!M" & 9 + (ROW(L11)-ROW($C$4))*7)=0, "", INDIRECT("Sheet2!M" & 9 + (ROW(L11)-ROW($C$4))*7))} | M11: {=IF(INDIRECT("Sheet2!N" & 9 + (ROW(M11)-ROW($C$4))*7)=0, "", INDIRECT("Sheet2!N" & 9 + (ROW(M11)-ROW($C$4))*7))} | N11: {=IF(INDIRECT("Sheet2!O" & 9 + (ROW(O11)-ROW($C$4))*7)=0, "", INDIRECT("Sheet2!O" & 9 + (ROW(O11)-ROW($C$4))*7))} | O11: {=IF(INDIRECT("Sheet2!P" & 9 + (ROW(P11)-ROW($C$4))*7)=0, "", INDIRECT("Sheet2!P" & 9 + (ROW(P11)-ROW($C$4))*7))}
B12: GW9 | C12: {=IF(INDIRECT("Sheet2!D" & 9 + (ROW(C12)-ROW($C$4))*7)=0, "", INDIRECT("Sheet2!D" & 9 + (ROW(C12)-ROW($C$4))*7))} | D12: {=IF(INDIRECT("Sheet2!E" & 9 + (ROW(D12)-ROW($C$4))*7)=0, "", INDIRECT("Sheet2!E" & 9 + (ROW(D12)-ROW($C$4))*7))} | E12: {=IF(INDIRECT("Sheet2!F" & 9 + (ROW(E12)-ROW($C$4))*7)=0, "", INDIRECT("Sheet2!F" & 9 + (ROW(E12)-ROW($C$4))*7))} | F12: {=IF(INDIRECT("Sheet2!G" & 9 + (ROW(F12)-ROW($C$4))*7)=0, "", INDIRECT("Sheet2!G" & 9 + (ROW(F12)-ROW($C$4))*7))} | G12: {=IF(INDIRECT("Sheet2!H" & 9 + (ROW(G12)-ROW($C$4))*7)=0, "", INDIRECT("Sheet2!H" & 9 + (ROW(G12)-ROW($C$4))*7))} | H12: {=IF(INDIRECT("Sheet2!I" & 9 + (ROW(H12)-ROW($C$4))*7)=0, "", INDIRECT("Sheet2!I" & 9 + (ROW(H12)-ROW($C$4))*7))} | I12: {=IF(INDIRECT("Sheet2!J" & 9 + (ROW(I12)-ROW($C$4))*7)=0, "", INDIRECT("Sheet2!J" & 9 + (ROW(I12)-ROW($C$4))*7))} | J12: {=IF(INDIRECT("Sheet2!K" & 9 + (ROW(J12)-ROW($C$4))*7)=0, "", INDIRECT("Sheet2!K" & 9 + (ROW(J12)-ROW($C$4))*7))} | K12: {=IF(INDIRECT("Sheet2!L" & 9 + (ROW(K12)-ROW($C$4))*7)=0, "", INDIRECT("Sheet2!L" & 9 + (ROW(K12)-ROW($C$4))*7))} | L12: {=IF(INDIRECT("Sheet2!M" & 9 + (ROW(L12)-ROW($C$4))*7)=0, "", INDIRECT("Sheet2!M" & 9 + (ROW(L12)-ROW($C$4))*7))} | M12: {=IF(INDIRECT("Sheet2!N" & 9 + (ROW(M12)-ROW($C$4))*7)=0, "", INDIRECT("Sheet2!N" & 9 + (ROW(M12)-ROW($C$4))*7))} | N12: {=IF(INDIRECT("Sheet2!O" & 9 + (ROW(O12)-ROW($C$4))*7)=0, "", INDIRECT("Sheet2!O" & 9 + (ROW(O12)-ROW($C$4))*7))} | O12: {=IF(INDIRECT("Sheet2!P" & 9 + (ROW(P12)-ROW($C$4))*7)=0, "", INDIRECT("Sheet2!P" & 9 + (ROW(P12)-ROW($C$4))*7))}
B13: GW10 | C13: {=IF(INDIRECT("Sheet2!D" & 9 + (ROW(C13)-ROW($C$4))*7)=0, "", INDIRECT("Sheet2!D" & 9 + (ROW(C13)-ROW($C$4))*7))} | D13: {=IF(INDIRECT("Sheet2!E" & 9 + (ROW(D13)-ROW($C$4))*7)=0, "", INDIRECT("Sheet2!E" & 9 + (ROW(D13)-ROW($C$4))*7))} | E13: {=IF(INDIRECT("Sheet2!F" & 9 + (ROW(E13)-ROW($C$4))*7)=0, "", INDIRECT("Sheet2!F" & 9 + (ROW(E13)-ROW($C$4))*7))} | F13: {=IF(INDIRECT("Sheet2!G" & 9 + (ROW(F13)-ROW($C$4))*7)=0, "", INDIRECT("Sheet2!G" & 9 + (ROW(F13)-ROW($C$4))*7))} | G13: {=IF(INDIRECT("Sheet2!H" & 9 + (ROW(G13)-ROW($C$4))*7)=0, "", INDIRECT("Sheet2!H" & 9 + (ROW(G13)-ROW($C$4))*7))} | H13: {=IF(INDIRECT("Sheet2!I" & 9 + (ROW(H13)-ROW($C$4))*7)=0, "", INDIRECT("Sheet2!I" & 9 + (ROW(H13)-ROW($C$4))*7))} | I13: {=IF(INDIRECT("Sheet2!J" & 9 + (ROW(I13)-ROW($C$4))*7)=0, "", INDIRECT("Sheet2!J" & 9 + (ROW(I13)-ROW($C$4))*7))} | J13: {=IF(INDIRECT("Sheet2!K" & 9 + (ROW(J13)-ROW($C$4))*7)=0, "", INDIRECT("Sheet2!K" & 9 + (ROW(J13)-ROW($C$4))*7))} | K13: {=IF(INDIRECT("Sheet2!L" & 9 + (ROW(K13)-ROW($C$4))*7)=0, "", INDIRECT("Sheet2!L" & 9 + (ROW(K13)-ROW($C$4))*7))} | L13: {=IF(INDIRECT("Sheet2!M" & 9 + (ROW(L13)-ROW($C$4))*7)=0, "", INDIRECT("Sheet2!M" & 9 + (ROW(L13)-ROW($C$4))*7))} | M13: {=IF(INDIRECT("Sheet2!N" & 9 + (ROW(M13)-ROW($C$4))*7)=0, "", INDIRECT("Sheet2!N" & 9 + (ROW(M13)-ROW($C$4))*7))} | N13: {=IF(INDIRECT("Sheet2!O" & 9 + (ROW(O13)-ROW($C$4))*7)=0, "", INDIRECT("Sheet2!O" & 9 + (ROW(O13)-ROW($C$4))*7))} | O13: {=IF(INDIRECT("Sheet2!P" & 9 + (ROW(P13)-ROW($C$4))*7)=0, "", INDIRECT("Sheet2!P" & 9 + (ROW(P13)-ROW($C$4))*7))}
B14: GW11 | C14: {=IF(INDIRECT("Sheet2!D" & 9 + (ROW(C14)-ROW($C$4))*7)=0, "", INDIRECT("Sheet2!D" & 9 + (ROW(C14)-ROW($C$4))*7))} | D14: {=IF(INDIRECT("Sheet2!E" & 9 + (ROW(D14)-ROW($C$4))*7)=0, "", INDIRECT("Sheet2!E" & 9 + (ROW(D14)-ROW($C$4))*7))} | E14: {=IF(INDIRECT("Sheet2!F" & 9 + (ROW(E14)-ROW($C$4))*7)=0, "", INDIRECT("Sheet2!F" & 9 + (ROW(E14)-ROW($C$4))*7))} | F14: {=IF(INDIRECT("Sheet2!G" & 9 + (ROW(F14)-ROW($C$4))*7)=0, "", INDIRECT("Sheet2!G" & 9 + (ROW(F14)-ROW($C$4))*7))} | G14: {=IF(INDIRECT("Sheet2!H" & 9 + (ROW(G14)-ROW($C$4))*7)=0, "", INDIRECT("Sheet2!H" & 9 + (ROW(G14)-ROW($C$4))*7))} | H14: {=IF(INDIRECT("Sheet2!I" & 9 + (ROW(H14)-ROW($C$4))*7)=0, "", INDIRECT("Sheet2!I" & 9 + (ROW(H14)-ROW($C$4))*7))} | I14: {=IF(INDIRECT("Sheet2!J" & 9 + (ROW(I14)-ROW($C$4))*7)=0, "", INDIRECT("Sheet2!J" & 9 + (ROW(I14)-ROW($C$4))*7))} | J14: {=IF(INDIRECT("Sheet2!K" & 9 + (ROW(J14)-ROW($C$4))*7)=0, "", INDIRECT("Sheet2!K" & 9 + (ROW(J14)-ROW($C$4))*7))} | K14: {=IF(INDIRECT("Sheet2!L" & 9 + (ROW(K14)-ROW($C$4))*7)=0, "", INDIRECT("Sheet2!L" & 9 + (ROW(K14)-ROW($C$4))*7))} | L14: {=IF(INDIRECT("Sheet2!M" & 9 + (ROW(L14)-ROW($C$4))*7)=0, "", INDIRECT("Sheet2!M" & 9 + (ROW(L14)-ROW($C$4))*7))} | M14: {=IF(INDIRECT("Sheet2!N" & 9 + (ROW(M14)-ROW($C$4))*7)=0, "", INDIRECT("Sheet2!N" & 9 + (ROW(M14)-ROW($C$4))*7))} | N14: {=IF(INDIRECT("Sheet2!O" & 9 + (ROW(O14)-ROW($C$4))*7)=0, "", INDIRECT("Sheet2!O" & 9 + (ROW(O14)-ROW($C$4))*7))} | O14: {=IF(INDIRECT("Sheet2!P" & 9 + (ROW(P14)-ROW($C$4))*7)=0, "", INDIRECT("Sheet2!P" & 9 + (ROW(P14)-ROW($C$4))*7))}
B15: GW12 | C15: {=IF(INDIRECT("Sheet2!D" & 9 + (ROW(C15)-ROW($C$4))*7)=0, "", INDIRECT("Sheet2!D" & 9 + (ROW(C15)-ROW($C$4))*7))} | D15: {=IF(INDIRECT("Sheet2!E" & 9 + (ROW(D15)-ROW($C$4))*7)=0, "", INDIRECT("Sheet2!E" & 9 + (ROW(D15)-ROW($C$4))*7))} | E15: {=IF(INDIRECT("Sheet2!F" & 9 + (ROW(E15)-ROW($C$4))*7)=0, "", INDIRECT("Sheet2!F" & 9 + (ROW(E15)-ROW($C$4))*7))} | F15: {=IF(INDIRECT("Sheet2!G" & 9 + (ROW(F15)-ROW($C$4))*7)=0, "", INDIRECT("Sheet2!G" & 9 + (ROW(F15)-ROW($C$4))*7))} | G15: {=IF(INDIRECT("Sheet2!H" & 9 + (ROW(G15)-ROW($C$4))*7)=0, "", INDIRECT("Sheet2!H" & 9 + (ROW(G15)-ROW($C$4))*7))} | H15: {=IF(INDIRECT("Sheet2!I" & 9 + (ROW(H15)-ROW($C$4))*7)=0, "", INDIRECT("Sheet2!I" & 9 + (ROW(H15)-ROW($C$4))*7))} | I15: {=IF(INDIRECT("Sheet2!J" & 9 + (ROW(I15)-ROW($C$4))*7)=0, "", INDIRECT("Sheet2!J" & 9 + (ROW(I15)-ROW($C$4))*7))} | J15: {=IF(INDIRECT("Sheet2!K" & 9 + (ROW(J15)-ROW($C$4))*7)=0, "", INDIRECT("Sheet2!K" & 9 + (ROW(J15)-ROW($C$4))*7))} | K15: {=IF(INDIRECT("Sheet2!L" & 9 + (ROW(K15)-ROW($C$4))*7)=0, "", INDIRECT("Sheet2!L" & 9 + (ROW(K15)-ROW($C$4))*7))} | L15: {=IF(INDIRECT("Sheet2!M" & 9 + (ROW(L15)-ROW($C$4))*7)=0, "", INDIRECT("Sheet2!M" & 9 + (ROW(L15)-ROW($C$4))*7))} | M15: {=IF(INDIRECT("Sheet2!N" & 9 + (ROW(M15)-ROW($C$4))*7)=0, "", INDIRECT("Sheet2!N" & 9 + (ROW(M15)-ROW($C$4))*7))} | N15: {=IF(INDIRECT("Sheet2!O" & 9 + (ROW(O15)-ROW($C$4))*7)=0, "", INDIRECT("Sheet2!O" & 9 + (ROW(O15)-ROW($C$4))*7))} | O15: {=IF(INDIRECT("Sheet2!P" & 9 + (ROW(P15)-ROW($C$4))*7)=0, "", INDIRECT("Sheet2!P" & 9 + (ROW(P15)-ROW($C$4))*7))}
... B41: GW38 | C41: {=IF(INDIRECT("Sheet2!D" & 9 + (ROW(C41)-ROW($C$4))*7)=0, "", INDIRECT("Sheet2!D" & 9 + (ROW(C41)-ROW($C$4))*7))} | D41: {=IF(INDIRECT("Sheet2!E" & 9 + (ROW(D41)-ROW($C$4))*7)=0, "", INDIRECT("Sheet2!E" & 9 + (ROW(D41)-ROW($C$4))*7))} | E41: {=IF(INDIRECT("Sheet2!F" & 9 + (ROW(E41)-ROW($C$4))*7)=0, "", INDIRECT("Sheet2!F" & 9 + (ROW(E41)-ROW($C$4))*7))} | F41: {=IF(INDIRECT("Sheet2!G" & 9 + (ROW(F41)-ROW($C$4))*7)=0, "", INDIRECT("Sheet2!G" & 9 + (ROW(F41)-ROW($C$4))*7))} | G41: {=IF(INDIRECT("Sheet2!H" & 9 + (ROW(G41)-ROW($C$4))*7)=0, "", INDIRECT("Sheet2!H" & 9 + (ROW(G41)-ROW($C$4))*7))} | H41: {=IF(INDIRECT("Sheet2!I" & 9 + (ROW(H41)-ROW($C$4))*7)=0, "", INDIRECT("Sheet2!I" & 9 + (ROW(H41)-ROW($C$4))*7))} | I41: {=IF(INDIRECT("Sheet2!J" & 9 + (ROW(I41)-ROW($C$4))*7)=0, "", INDIRECT("Sheet2!J" & 9 + (ROW(I41)-ROW($C$4))*7))} | J41: {=IF(INDIRECT("Sheet2!K" & 9 + (ROW(J41)-ROW($C$4))*7)=0, "", INDIRECT("Sheet2!K" & 9 + (ROW(J41)-ROW($C$4))*7))} | K41: {=IF(INDIRECT("Sheet2!L" & 9 + (ROW(K41)-ROW($C$4))*7)=0, "", INDIRECT("Sheet2!L" & 9 + (ROW(K41)-ROW($C$4))*7))} | L41: {=IF(INDIRECT("Sheet2!M" & 9 + (ROW(L41)-ROW($C$4))*7)=0, "", INDIRECT("Sheet2!M" & 9 + (ROW(L41)-ROW($C$4))*7))} | M41: {=IF(INDIRECT("Sheet2!N" & 9 + (ROW(M41)-ROW($C$4))*7)=0, "", INDIRECT("Sheet2!N" & 9 + (ROW(M41)-ROW($C$4))*7))} | N41: {=IF(INDIRECT("Sheet2!O" & 9 + (ROW(O41)-ROW($C$4))*7)=0, "", INDIRECT("Sheet2!O" & 9 + (ROW(O41)-ROW($C$4))*7))} | O41: {=IF(INDIRECT("Sheet2!P" & 9 + (ROW(P41)-ROW($C$4))*7)=0, "", INDIRECT("Sheet2!P" & 9 + (ROW(P41)-ROW($C$4))*7))}
B42: PL Total | C42: =SUM(C4:C41) -> 0 | D42: =SUM(D4:D41) -> 0 | E42: =SUM(E4:E41) -> 0 | F42: =SUM(F4:F41) -> 0 | G42: =SUM(G4:G41) -> 0 | H42: =SUM(H4:H41) -> 0 | I42: =SUM(I4:I41) -> 0 | J42: =SUM(J4:J41) -> 0 | ... O42: =SUM(O4:O41) -> 0
B43: CS | C43: ='Extra Results'!C89 -> 0 | D43: ='Extra Results'!D89 -> 0 | E43: ='Extra Results'!E89 -> 0 | F43: ='Extra Results'!F89 -> 0 | G43: ='Extra Results'!G89 -> 0 | H43: ='Extra Results'!H89 -> 0 | I43: ='Extra Results'!I89 -> 0 | J43: ='Extra Results'!J89 -> 0 | ... O43: ='Extra Results'!O89 -> 0
T50: {=TRANSPOSE(C42:M42)} -> 0
T51: 0
T52: 0
T53: 0
T54: 0
T55: 0
T56: 0
T57: 0
T58: 0
T59: 0
T60: 0

Sheet Sheet2
C1: Match Winner | D1: 1 PT
C2: Correct Score | D2: 3 PTS
R3: EX Purpose
B4: GW1 | D4: Callum | E4: Charlotte | F4: Ellena | G4: George | H4: Harry | I4: Nicola | J4: Reece | K4: Rory | L4: Ruby | M4: Sam A | N4: Sam L | O4: Will | P4: Caius | Q4: EX1 | S4: Callum | T4: Charlotte | U4: Ellena | V4: George | W4: Harry | X4: Nicola | Y4: Reece | Z4: Rory | AA4: Ruby | AB4: Sam A | AC4: Sam L | AD4: Will | AE4: Caius
C9: Total | R9: Total
C10: CS | R10: CS
B11: GW2 | D11: Callum | E11: Charlotte | F11: Ellena | G11: George | H11: Harry | I11: Nicola | J11: Reece | K11: Rory | L11: Ruby | M11: Sam A | N11: Sam L | O11: Will | P11: Caius | Q11: EX2 | S11: Callum | T11: Charlotte | U11: Ellena | V11: George | W11: Harry | X11: Nicola | Y11: Reece | Z11: Rory | AA11: Ruby | AB11: Sam A | AC11: Sam L | AD11: Will | AE11: Caius
C16: Total | R16: Total
C17: CS | R17: CS
B18: GW3 | D18: Callum | E18: Charlotte | F18: Ellena | G18: George | H18: Harry | I18: Nicola | J18: Reece | K18: Rory | L18: Ruby | M18: Sam A | N18: Sam L | O18: Will | P18: Caius | Q18: EX3 | S18: Callum | T18: Charlotte | U18: Ellena | V18: George | W18: Harry | X18: Nicola | Y18: Reece | Z18: Rory | AA18: Ruby | AB18: Sam A | AC18: Sam L | AD18: Will | AE18: Caius
C23: Total | R23: Total
C24: CS | R24: CS
B25: GW4 | D25: Callum | E25: Charlotte | F25: Ellena | G25: George | H25: Harry | I25: Nicola | J25: Reece | K25: Rory | L25: Ruby | M25: Sam A | N25: Sam L | O25: Will | P25: Caius | Q25: EX4 | S25: Callum | T25: Charlotte | U25: Ellena | V25: George | W25: Harry | X25: Nicola | Y25: Reece | Z25: Rory | AA25: Ruby | AB25: Sam A | AC25: Sam L | AD25: Will | AE25: Caius
C30: Total | R30: Total
C31: CS | R31: CS
B32: GW5 | D32: Callum | E32: Charlotte | F32: Ellena | G32: George | H32: Harry | I32: Nicola | J32: Reece | K32: Rory | L32: Ruby | M32: Sam A | N32: Sam L | O32: Will | P32: Caius | Q32: EX5 | S32: Callum | T32: Charlotte | U32: Ellena | V32: George | W32: Harry | X32: Nicola | Y32: Reece | Z32: Rory | AA32: Ruby | AB32: Sam A | AC32: Sam L | AD32: Will | AE32: Caius
C37: Total | R37: Total
C38: CS | R38: CS
B39: GW6 | D39: Callum | E39: Charlotte | F39: Ellena | G39: George | H39: Harry | I39: Nicola | J39: Reece | K39: Rory | L39: Ruby | M39: Sam A | N39: Sam L | O39: Will | P39: Caius | Q39: EX6 | S39: Callum | T39: Charlotte | U39: Ellena | V39: George | W39: Harry | X39: Nicola | Y39: Reece | Z39: Rory | AA39: Ruby | AB39: Sam A | AC39: Sam L | AD39: Will | AE39: Caius
C44: Total | R44: Total
C45: CS | R45: CS
B46: GW7 | D46: Callum | E46: Charlotte | F46: Ellena | G46: George | H46: Harry | I46: Nicola | J46: Reece | K46: Rory | L46: Ruby | M46: Sam A | N46: Sam L | O46: Will | P46: Caius | Q46: EX7 | S46: Callum | T46: Charlotte | U46: Ellena | V46: George | W46: Harry | X46: Nicola | Y46: Reece | Z46: Rory | AA46: Ruby | AB46: Sam A | AC46: Sam L | AD46: Will | AE46: Caius
C51: Total | R51: Total
C52: CS | R52: CS
B53: GW8 | D53: Callum | E53: Charlotte | F53: Ellena | G53: George | H53: Harry | I53: Nicola | J53: Reece | K53: Rory | L53: Ruby | M53: Sam A | N53: Sam L | O53: Will | P53: Caius | Q53: EX8 | S53: Callum | T53: Charlotte | U53: Ellena | V53: George | W53: Harry | X53: Nicola | Y53: Reece | Z53: Rory | AA53: Ruby | AB53: Sam A | AC53: Sam L | AD53: Will | AE53: Caius
C58: Total | R58: Total
C59: CS | R59: CS
B60: GW9 | D60: Callum | E60: Charlotte | F60: Ellena | G60: George | H60: Harry | I60: Nicola | J60: Reece | K60: Rory | L60: Ruby | M60: Sam A | N60: Sam L | O60: Will | P60: Caius | Q60: EX9 | S60: Callum | T60: Charlotte | U60: Ellena | V60: George | W60: Harry | X60: Nicola | Y60: Reece | Z60: Rory | AA60: Ruby | AB60: Sam A | AC60: Sam L | AD60: Will | AE60: Caius
C65: Total | R65: Total
C66: CS | R66: CS
B67: GW10 | D67: Callum | E67: Charlotte | F67: Ellena | G67: George | H67: Harry | I67: Nicola | J67: Reece | K67: Rory | L67: Ruby | M67: Sam A | N67: Sam L | O67: Will | P67: Caius | Q67: EX10 | S67: Callum | T67: Charlotte | U67: Ellena | V67: George | W67: Harry | X67: Nicola | Y67: Reece | Z67: Rory | AA67: Ruby | AB67: Sam A | AC67: Sam L | AD67: Will | AE67: Caius
C72: Total | R72: Total
C73: CS | R73: CS
B74: GW11 | D74: Callum | E74: Charlotte | F74: Ellena | G74: George | H74: Harry | I74: Nicola | J74: Reece | K74: Rory | L74: Ruby | M74: Sam A | N74: Sam L | O74: Will | P74: Caius | Q74: EX11 | S74: Callum | T74: Charlotte | U74: Ellena | V74: George | W74: Harry | X74: Nicola | Y74: Reece | Z74: Rory | AA74: Ruby | AB74: Sam A | AC74: Sam L | AD74: Will | AE74: Caius
C79: Total | R79: Total
C80: CS | R80: CS
B81: GW12 | D81: Callum | E81: Charlotte | F81: Ellena | G81: George | H81: Harry | I81: Nicola | J81: Reece | K81: Rory | L81: Ruby | M81: Sam A | N81: Sam L | O81: Will | P81: Caius | Q81: EX12 | S81: Callum | T81: Charlotte | U81: Ellena | V81: George | W81: Harry | X81: Nicola | Y81: Reece | Z81: Rory | AA81: Ruby | AB81: Sam A | AC81: Sam L | AD81: Will | AE81: Caius
C86: Total | R86: Total
C87: CS | R87: CS
B88: GW13 | D88: Callum | E88: Charlotte | F88: Ellena | G88: George | H88: Harry | I88: Nicola | J88: Reece | K88: Rory | L88: Ruby | M88: Sam A | N88: Sam L | O88: Will | P88: Caius | Q88: EX13 | S88: Callum | T88: Charlotte | U88: Ellena | V88: George | W88: Harry | X88: Nicola | Y88: Reece | Z88: Rory | AA88: Ruby | AB88: Sam A | AC88: Sam L | AD88: Will | AE88: Caius
C93: Total | R93: Total
C94: CS | R94: CS
B95: GW14 | D95: Callum | E95: Charlotte | F95: Ellena | G95: George | H95: Harry | I95: Nicola | J95: Reece | K95: Rory | L95: Ruby | M95: Sam A | N95: Sam L | O95: Will | P95: Caius | Q95: EX14 | S95: Callum | T95: Charlotte | U95: Ellena | V95: George | W95: Harry | X95: Nicola | Y95: Reece | Z95: Rory | AA95: Ruby | AB95: Sam A | AC95: Sam L | AD95: Will | AE95: Caius
C100: Total | R100: Total
C101: CS | R101: CS
B102: GW15 | D102: Callum | E102: Charlotte | F102: Ellena | G102: George | H102: Harry | I102: Nicola | J102: Reece | K102: Rory | L102: Ruby | M102: Sam A | N102: Sam L | O102: Will | P102: Caius | Q102: EX15 | S102: Callum | T102: Charlotte | U102: Ellena | V102: George | W102: Harry | X102: Nicola | Y102: Reece | Z102: Rory | AA102: Ruby | AB102: Sam A | AC102: Sam L | AD102: Will | AE102: Caius
C107: Total | R107: Total
C108: CS | R108: CS
B109: GW16 | D109: Callum | E109: Charlotte | F109: Ellena | G109: George | H109: Harry | I109: Nicola | J109: Reece | K109: Rory | L109: Ruby | M109: Sam A | N109: Sam L | O109: Will | P109: Caius | Q109: EX16 | S109: Callum | T109: Charlotte | U109: Ellena | V109: George | W109: Harry | X109: Nicola | Y109: Reece | Z109: Rory | AA109: Ruby | AB109: Sam A | AC109: Sam L | AD109: Will | AE109: Caius
C114: Total | R114: Total
C115: CS | R115: CS
B116: GW17 | D116: Callum | E116: Charlotte | F116: Ellena | G116: George | H116: Harry | I116: Nicola | J116: Reece | K116: Rory | L116: Ruby | M116: Sam A | N116: Sam L | O116: Will | P116: Caius | Q116: EX17 | S116: Callum | T116: Charlotte | U116: Ellena | V116: George | W116: Harry | X116: Nicola | Y116: Reece | Z116: Rory | AA116: Ruby | AB116: Sam A | AC116: Sam L | AD116: Will | AE116: Caius
C121: Total | R121: Total
C122: CS | R122: CS
B123: GW18 | D123: Callum | E123: Charlotte | F123: Ellena | G123: George | H123: Harry | I123: Nicola | J123: Reece | K123: Rory | L123: Ruby | M123: Sam A | N123: Sam L | O123: Will | P123: Caius | Q123: EX18 | S123: Callum | T123: Charlotte | U123: Ellena | V123: George | W123: Harry | X123: Nicola | Y123: Reece | Z123: Rory | AA123: Ruby | AB123: Sam A | AC123: Sam L | AD123: Will | AE123: Caius
C128: Total | R128: Total
C129: CS | R129: CS
B130: GW19 | D130: Callum | E130: Charlotte | F130: Ellena | G130: George | H130: Harry | I130: Nicola | J130: Reece | K130: Rory | L130: Ruby | M130: Sam A | N130: Sam L | O130: Will | P130: Caius | Q130: EX19 | S130: Callum | T130: Charlotte | U130: Ellena | V130: George | W130: Harry | X130: Nicola | Y130: Reece | Z130: Rory | AA130: Ruby | AB130: Sam A | AC130: Sam L | AD130: Will | AE130: Caius
C135: Total | R135: Total
C136: CS | R136: CS
B137: GW20 | D137: Callum | E137: Charlotte | F137: Ellena | G137: George | H137: Harry | I137: Nicola | J137: Reece | K137: Rory | L137: Ruby | M137: Sam A | N137: Sam L | O137: Will | P137: Caius | Q137: EX20 | S137: Callum | T137: Charlotte | U137: Ellena | V137: George | W137: Harry | X137: Nicola | Y137: Reece | Z137: Rory | AA137: Ruby | AB137: Sam A | AC137: Sam L | AD137: Will | AE137: Caius
C142: Total | R142: Total
C143: CS | R143: CS
B144: GW21 | D144: Callum | E144: Charlotte | F144: Ellena | G144: George | H144: Harry | I144: Nicola | J144: Reece | K144: Rory | L144: Ruby | M144: Sam A | N144: Sam L | O144: Will | P144: Caius | Q144: EX21 | S144: Callum | T144: Charlotte | U144: Ellena | V144: George | W144: Harry | X144: Nicola | Y144: Reece | Z144: Rory | AA144: Ruby | AB144: Sam A | AC144: Sam L | AD144: Will | AE144: Caius
C149: Total | R149: Total
C150: CS | R150: CS
B151: GW22 | D151: Callum | E151: Charlotte | F151: Ellena | G151: George | H151: Harry | I151: Nicola | J151: Reece | K151: Rory | L151: Ruby | M151: Sam A | N151: Sam L | O151: Will | P151: Caius | Q151: EX22 | S151: Callum | T151: Charlotte | U151: Ellena | V151: George | W151: Harry | X151: Nicola | Y151: Reece | Z151: Rory | AA151: Ruby | AB151: Sam A | AC151: Sam L | AD151: Will | AE151: Caius
C156: Total | R156: Total
C157: CS | R157: CS
B158: GW23 | D158: Callum | E158: Charlotte | F158: Ellena | G158: George | H158: Harry | I158: Nicola | J158: Reece | K158: Rory | L158: Ruby | M158: Sam A | N158: Sam L | O158: Will | P158: Caius | Q158: EX23 | S158: Callum | T158: Charlotte | U158: Ellena | V158: George | W158: Harry | X158: Nicola | Y158: Reece | Z158: Rory | AA158: Ruby | AB158: Sam A | AC158: Sam L | AD158: Will | AE158: Caius
C163: Total | R163: Total
C164: CS | R164: CS
B165: GW24 | D165: Callum | E165: Charlotte | F165: Ellena | G165: George | H165: Harry | I165: Nicola | J165: Reece | K165: Rory | L165: Ruby | M165: Sam A | N165: Sam L | O165: Will | P165: Caius | Q165: EX24 | S165: Callum | T165: Charlotte | U165: Ellena | V165: George | W165: Harry | X165: Nicola | Y165: Reece | Z165: Rory | AA165: Ruby | AB165: Sam A | AC165: Sam L | AD165: Will | AE165: Caius
C170: Total | R170: Total
C171: CS | R171: CS
B172: GW25 | D172: Callum | E172: Charlotte | F172: Ellena | G172: George | H172: Harry | I172: Nicola | J172: Reece | K172: Rory | L172: Ruby | M172: Sam A | N172: Sam L | O172: Will | P172: Caius | Q172: EX25 | S172: Callum | T172: Charlotte | U172: Ellena | V172: George | W172: Harry | X172: Nicola | Y172: Reece | Z172: Rory | AA172: Ruby | AB172: Sam A | AC172: Sam L | AD172: Will | AE172: Caius
C177: Total | R177: Total
C178: CS | R178: CS
B179: GW26 | D179: Callum | E179: Charlotte | F179: Ellena | G179: George | H179: Harry | I179: Nicola | J179: Reece | K179: Rory | L179: Ruby | M179: Sam A | N179: Sam L | O179: Will | P179: Caius | Q179: EX26 | S179: Callum | T179: Charlotte | U179: Ellena | V179: George | W179: Harry | X179: Nicola | Y179: Reece | Z179: Rory | AA179: Ruby | AB179: Sam A | AC179: Sam L | AD179: Will | AE179: Caius
C184: Total | R184: Total
C185: CS | R185: CS
B186: GW27 | D186: Callum | E186: Charlotte | F186: Ellena | G186: George | H186: Harry | I186: Nicola | J186: Reece | K186: Rory | L186: Ruby | M186: Sam A | N186: Sam L | O186: Will | P186: Caius | Q186: EX27 | S186: Callum | T186: Charlotte | U186: Ellena | V186: George | W186: Harry | X186: Nicola | Y186: Reece | Z186: Rory | AA186: Ruby | AB186: Sam A | AC186: Sam L | AD186: Will | AE186: Caius
C191: Total | R191: Total
C192: CS | R192: CS
B193: GW28 | D193: Callum | E193: Charlotte | F193: Ellena | G193: George | H193: Harry | I193: Nicola | J193: Reece | K193: Rory | L193: Ruby | M193: Sam A | N193: Sam L | O193: Will | P193: Caius | Q193: EX28 | S193: Callum | T193: Charlotte | U193: Ellena | V193: George | W193: Harry | X193: Nicola | Y193: Reece | Z193: Rory | AA193: Ruby | AB193: Sam A | AC193: Sam L | AD193: Will | AE193: Caius
C198: Total | R198: Total
C199: CS | R199: CS
B200: GW29 | D200: Callum | E200: Charlotte | F200: Ellena | G200: George | H200: Harry | I200: Nicola | J200: Reece | K200: Rory | L200: Ruby | M200: Sam A | N200: Sam L | O200: Will | P200: Caius | Q200: EX29 | S200: Callum | T200: Charlotte | U200: Ellena | V200: George | W200: Harry | X200: Nicola | Y200: Reece | Z200: Rory | AA200: Ruby | AB200: Sam A | AC200: Sam L | AD200: Will | AE200: Caius
C205: Total | R205: Total
C206: CS | R206: CS
B207: GW30 | D207: Callum | E207: Charlotte | F207: Ellena | G207: George | H207: Harry | I207: Nicola | J207: Reece | K207: Rory | L207: Ruby | M207: Sam A | N207: Sam L | O207: Will | P207: Caius | Q207: EX30 | S207: Callum | T207: Charlotte | U207: Ellena | V207: George | W207: Harry | X207: Nicola | Y207: Reece | Z207: Rory | AA207: Ruby | AB207: Sam A | AC207: Sam L | AD207: Will | AE207: Caius
C212: Total | R212: Total
C213: CS | R213: CS
B214: GW31 | D214: Callum | E214: Charlotte | F214: Ellena | G214: George | H214: Harry | I214: Nicola | J214: Reece | K214: Rory | L214: Ruby | M214: Sam A | N214: Sam L | O214: Will | P214: Caius | Q214: EX31 | S214: Callum | T214: Charlotte | U214: Ellena | V214: George | W214: Harry | X214: Nicola | Y214: Reece | Z214: Rory | AA214: Ruby | AB214: Sam A | AC214: Sam L | AD214: Will | AE214: Caius
C219: Total | R219: Total
C220: CS | R220: CS
B221: GW32 | D221: Callum | E221: Charlotte | F221: Ellena | G221: George | H221: Harry | I221: Nicola | J221: Reece | K221: Rory | L221: Ruby | M221: Sam A | N221: Sam L | O221: Will | P221: Caius | Q221: EX32 | S221: Callum | T221: Charlotte | U221: Ellena | V221: George | W221: Harry | X221: Nicola | Y221: Reece | Z221: Rory | AA221: Ruby | AB221: Sam A | AC221: Sam L | AD221: Will | AE221: Caius
C226: Total | R226: Total
C227: CS | R227: CS
B228: GW33 | D228: Callum | E228: Charlotte | F228: Ellena | G228: George | H228: Harry | I228: Nicola | J228: Reece | K228: Rory | L228: Ruby | M228: Sam A | N228: Sam L | O228: Will | P228: Caius | Q228: EX33 | S228: Callum | T228: Charlotte | U228: Ellena | V228: George | W228: Harry | X228: Nicola | Y228: Reece | Z228: Rory | AA228: Ruby | AB228: Sam A | AC228: Sam L | AD228: Will | AE228: Caius
...

Sheet Leaderboard
A1: Premier League Predictions Table
B4: Position | D4: Player | E4: Points | F4: CS
B5: 1 | D5: {=_xlfn.SORTBY(_xlfn.HSTACK('Extra Results'!M174:M186, 'Extra Results'!N153:N173, 'Extra Results'!L153:L173),'Extra Results'!N153:N173, -1,'Extra Results'!L153:L173, -1)} -> Callum | E5: 0 | F5: 0
B6: 2 | D6: Charlotte | E6: 0 | F6: 0
B7: 3 | D7: Ellena | E7: 0 | F7: 0
B8: 4 | D8: George | E8: 0 | F8: 0
B9: 5 | D9: Harry | E9: 0 | F9: 0
B10: 6 | D10: Nicola | E10: 0 | F10: 0
B11: 7 | D11: Reece | E11: 0 | F11: 0
B12: 8 | D12: Rory | E12: 0 | F12: 0
B13: 9 | D13: Ruby | E13: 0 | F13: 0
B14: 10 | D14: Sam A | E14: 0 | F14: 0
B15: 11 | D15: Sam L | E15: 0 | F15: 0
B16: 12 | D16: Will | E16: 0 | F16: 0
B17: 13 | D17: Caius | E17: 0 | F17: 0
D18: #N/A | E18: 0 | F18: 0
D19: #N/A | E19: 0 | F19: 0
D20: #N/A | E20: 0 | F20: 0
D21: #N/A | E21: 0 | F21: 0
D22: #N/A | E22: 0 | F22: 0
D23: #N/A | E23: 0 | F23: 0
D24: #N/A | E24: 0 | F24: 0
D25: #N/A | E25: 0 | F25: 0

Sheet Extra Results
B2: EXTRA RESULTS
C3: Callum | D3: Charlotte | E3: Ellena | F3: George | G3: Harry | H3: Nicola | I3: Reece | J3: Rory | K3: Ruby | L3: Sam A | M3: Sam L | N3: Will | O3: Caius
C4: {=IF(INDIRECT("Sheet2!S" & 9 + (ROW(C4)-ROW($C$4))*7)=0, "", INDIRECT("Sheet2!S" & 9 + (ROW(C4)-ROW($C$4))*7))} | D4: {=IF(INDIRECT("Sheet2!T" & 9 + (ROW(D4)-ROW($C$4))*7)=0, "", INDIRECT("Sheet2!T" & 9 + (ROW(D4)-ROW($C$4))*7))} | E4: {=IF(INDIRECT("Sheet2!U" & 9 + (ROW(E4)-ROW($C$4))*7)=0, "", INDIRECT("Sheet2!U" & 9 + (ROW(E4)-ROW($C$4))*7))} | F4: {=IF(INDIRECT("Sheet2!V" & 9 + (ROW(F4)-ROW($C$4))*7)=0, "", INDIRECT("Sheet2!V" & 9 + (ROW(F4)-ROW($C$4))*7))} | G4: {=IF(INDIRECT("Sheet2!W" & 9 + (ROW(G4)-ROW($C$4))*7)=0, "", INDIRECT("Sheet2!W" & 9 + (ROW(G4)-ROW($C$4))*7))} | H4: {=IF(INDIRECT("Sheet2!X" & 9 + (ROW(H4)-ROW($C$4))*7)=0, "", INDIRECT("Sheet2!X" & 9 + (ROW(H4)-ROW($C$4))*7))} | I4: {=IF(INDIRECT("Sheet2!Y" & 9 + (ROW(I4)-ROW($C$4))*7)=0, "", INDIRECT("Sheet2!Y" & 9 + (ROW(I4)-ROW($C$4))*7))} | J4: {=IF(INDIRECT("Sheet2!Z" & 9 + (ROW(J4)-ROW($C$4))*7)=0, "", INDIRECT("Sheet2!Z" & 9 + (ROW(J4)-ROW($C$4))*7))} | K4: {=IF(INDIRECT("Sheet2!AA" & 9 + (ROW(K4)-ROW($C$4))*7)=0, "", INDIRECT("Sheet2!AA" & 9 + (ROW(K4)-ROW($C$4))*7))} | L4: {=IF(INDIRECT("Sheet2!AB" & 9 + (ROW(L4)-ROW($C$4))*7)=0, "", INDIRECT("Sheet2!AB" & 9 + (ROW(L4)-ROW($C$4))*7))} | M4: {=IF(INDIRECT("Sheet2!AC" & 9 + (ROW(M4)-ROW($C$4))*7)=0, "", INDIRECT("Sheet2!AC" & 9 + (ROW(M4)-ROW($C$4))*7))} | N4: {=IF(INDIRECT("Sheet2!AD" & 9 + (ROW(N4)-ROW($C$4))*7)=0, "", INDIRECT("Sheet2!AD" & 9 + (ROW(N4)-ROW($C$4))*7))} | O4: {=IF(INDIRECT("Sheet2!AE" & 9 + (ROW(O4)-ROW($C$4))*7)=0, "", INDIRECT("Sheet2!AE" & 9 + (ROW(O4)-ROW($C$4))*7))}
C5: {=IF(INDIRECT("Sheet2!S" & 9 + (ROW(C5)-ROW($C$4))*7)=0, "", INDIRECT("Sheet2!S" & 9 + (ROW(C5)-ROW($C$4))*7))} | D5: {=IF(INDIRECT("Sheet2!T" & 9 + (ROW(D5)-ROW($C$4))*7)=0, "", INDIRECT("Sheet2!T" & 9 + (ROW(D5)-ROW($C$4))*7))} | E5: {=IF(INDIRECT("Sheet2!U" & 9 + (ROW(E5)-ROW($C$4))*7)=0, "", INDIRECT("Sheet2!U" & 9 + (ROW(E5)-ROW($C$4))*7))} | F5: {=IF(INDIRECT("Sheet2!V" & 9 + (ROW(F5)-ROW($C$4))*7)=0, "", INDIRECT("Sheet2!V" & 9 + (ROW(F5)-ROW($C$4))*7))} | G5: {=IF(INDIRECT("Sheet2!W" & 9 + (ROW(G5)-ROW($C$4))*7)=0, "", INDIRECT("Sheet2!W" & 9 + (ROW(G5)-ROW($C$4))*7))} | H5: {=IF(INDIRECT("Sheet2!X" & 9 + (ROW(H5)-ROW($C$4))*7)=0, "", INDIRECT("Sheet2!X" & 9 + (ROW(H5)-ROW($C$4))*7))} | I5: {=IF(INDIRECT("Sheet2!Y" & 9 + (ROW(I5)-ROW($C$4))*7)=0, "", INDIRECT("Sheet2!Y" & 9 + (ROW(I5)-ROW($C$4))*7))} | J5: {=IF(INDIRECT("Sheet2!Z" & 9 + (ROW(J5)-ROW($C$4))*7)=0, "", INDIRECT("Sheet2!Z" & 9 + (ROW(J5)-ROW($C$4))*7))} | K5: {=IF(INDIRECT("Sheet2!AA" & 9 + (ROW(K5)-ROW($C$4))*7)=0, "", INDIRECT("Sheet2!AA" & 9 + (ROW(K5)-ROW($C$4))*7))} | L5: {=IF(INDIRECT("Sheet2!AB" & 9 + (ROW(L5)-ROW($C$4))*7)=0, "", INDIRECT("Sheet2!AB" & 9 + (ROW(L5)-ROW($C$4))*7))} | M5: {=IF(INDIRECT("Sheet2!AC" & 9 + (ROW(M5)-ROW($C$4))*7)=0, "", INDIRECT("Sheet2!AC" & 9 + (ROW(M5)-ROW($C$4))*7))} | N5: {=IF(INDIRECT("Sheet2!AD" & 9 + (ROW(N5)-ROW($C$4))*7)=0, "", INDIRECT("Sheet2!AD" & 9 + (ROW(N5)-ROW($C$4))*7))} | O5: {=IF(INDIRECT("Sheet2!AE" & 9 + (ROW(O5)-ROW($C$4))*7)=0, "", INDIRECT("Sheet2!AE" & 9 + (ROW(O5)-ROW($C$4))*7))}
C6: {=IF(INDIRECT("Sheet2!S" & 9 + (ROW(C6)-ROW($C$4))*7)=0, "", INDIRECT("Sheet2!S" & 9 + (ROW(C6)-ROW($C$4))*7))} | D6: {=IF(INDIRECT("Sheet2!T" & 9 + (ROW(D6)-ROW($C$4))*7)=0, "", INDIRECT("Sheet2!T" & 9 + (ROW(D6)-ROW($C$4))*7))} | E6: {=IF(INDIRECT("Sheet2!U" & 9 + (ROW(E6)-ROW($C$4))*7)=0, "", INDIRECT("Sheet2!U" & 9 + (ROW(E6)-ROW($C$4))*7))} | F6: {=IF(INDIRECT("Sheet2!V" & 9 + (ROW(F6)-ROW($C$4))*7)=0, "", INDIRECT("Sheet2!V" & 9 + (ROW(F6)-ROW($C$4))*7))} | G6: {=IF(INDIRECT("Sheet2!W" & 9 + (ROW(G6)-ROW($C$4))*7)=0, "", INDIRECT("Sheet2!W" & 9 + (ROW(G6)-ROW($C$4))*7))} | H6: {=IF(INDIRECT("Sheet2!X" & 9 + (ROW(H6)-ROW($C$4))*7)=0, "", INDIRECT("Sheet2!X" & 9 + (ROW(H6)-ROW($C$4))*7))} | I6: {=IF(INDIRECT("Sheet2!Y" & 9 + (ROW(I6)-ROW($C$4))*7)=0, "", INDIRECT("Sheet2!Y" & 9 + (ROW(I6)-ROW($C$4))*7))} | J6: {=IF(INDIRECT("Sheet2!Z" & 9 + (ROW(J6)-ROW($C$4))*7)=0, "", INDIRECT("Sheet2!Z" & 9 + (ROW(J6)-ROW($C$4))*7))} | K6: {=IF(INDIRECT("Sheet2!AA" & 9 + (ROW(K6)-ROW($C$4))*7)=0, "", INDIRECT("Sheet2!AA" & 9 + (ROW(K6)-ROW($C$4))*7))} | L6: {=IF(INDIRECT("Sheet2!AB" & 9 + (ROW(L6)-ROW($C$4))*7)=0, "", INDIRECT("Sheet2!AB" & 9 + (ROW(L6)-ROW($C$4))*7))} | M6: {=IF(INDIRECT("Sheet2!AC" & 9 + (ROW(M6)-ROW($C$4))*7)=0, "", INDIRECT("Sheet2!AC" & 9 + (ROW(M6)-ROW($C$4))*7))} | N6: {=IF(INDIRECT("Sheet2!AD" & 9 + (ROW(N6)-ROW($C$4))*7)=0, "", INDIRECT("Sheet2!AD" & 9 + (ROW(N6)-ROW($C$4))*7))} | O6: {=IF(INDIRECT("Sheet2!AE" & 9 + (ROW(O6)-ROW($C$4))*7)=0, "", INDIRECT("Sheet2!AE" & 9 + (ROW(O6)-ROW($C$4))*7))}
C7: {=IF(INDIRECT("Sheet2!S" & 9 + (ROW(C7)-ROW($C$4))*7)=0, "", INDIRECT("Sheet2!S" & 9 + (ROW(C7)-ROW($C$4))*7))} | D7: {=IF(INDIRECT("Sheet2!T" & 9 + (ROW(D7)-ROW($C$4))*7)=0, "", INDIRECT("Sheet2!T" & 9 + (ROW(D7)-ROW($C$4))*7))} | E7: {=IF(INDIRECT("Sheet2!U" & 9 + (ROW(E7)-ROW($C$4))*7)=0, "", INDIRECT("Sheet2!U" & 9 + (ROW(E7)-ROW($C$4))*7))} | F7: {=IF(INDIRECT("Sheet2!V" & 9 + (ROW(F7)-ROW($C$4))*7)=0, "", INDIRECT("Sheet2!V" & 9 + (ROW(F7)-ROW($C$4))*7))} | G7: {=IF(INDIRECT("Sheet2!W" & 9 + (ROW(G7)-ROW($C$4))*7)=0, "", INDIRECT("Sheet2!W" & 9 + (ROW(G7)-ROW($C$4))*7))} | H7: {=IF(INDIRECT("Sheet2!X" & 9 + (ROW(H7)-ROW($C$4))*7)=0, "", INDIRECT("Sheet2!X" & 9 + (ROW(H7)-ROW($C$4))*7))} | I7: {=IF(INDIRECT("Sheet2!Y" & 9 + (ROW(I7)-ROW($C$4))*7)=0, "", INDIRECT("Sheet2!Y" & 9 + (ROW(I7)-ROW($C$4))*7))} | J7: {=IF(INDIRECT("Sheet2!Z" & 9 + (ROW(J7)-ROW($C$4))*7)=0, "", INDIRECT("Sheet2!Z" & 9 + (ROW(J7)-ROW($C$4))*7))} | K7: {=IF(INDIRECT("Sheet2!AA" & 9 + (ROW(K7)-ROW($C$4))*7)=0, "", INDIRECT("Sheet2!AA" & 9 + (ROW(K7)-ROW($C$4))*7))} | L7: {=IF(INDIRECT("Sheet2!AB" & 9 + (ROW(L7)-ROW($C$4))*7)=0, "", INDIRECT("Sheet2!AB" & 9 + (ROW(L7)-ROW($C$4))*7))} | M7: {=IF(INDIRECT("Sheet2!AC" & 9 + (ROW(M7)-ROW($C$4))*7)=0, "", INDIRECT("Sheet2!AC" & 9 + (ROW(M7)-ROW($C$4))*7))} | N7: {=IF(INDIRECT("Sheet2!AD" & 9 + (ROW(N7)-ROW($C$4))*7)=0, "", INDIRECT("Sheet2!AD" & 9 + (ROW(N7)-ROW($C$4))*7))} | O7: {=IF(INDIRECT("Sheet2!AE" & 9 + (ROW(O7)-ROW($C$4))*7)=0, "", INDIRECT("Sheet2!AE" & 9 + (ROW(O7)-ROW($C$4))*7))}
C8: {=IF(INDIRECT("Sheet2!S" & 9 + (ROW(C8)-ROW($C$4))*7)=0, "", INDIRECT("Sheet2!S" & 9 + (ROW(C8)-ROW($C$4))*7))} | D8: {=IF(INDIRECT("Sheet2!T" & 9 + (ROW(D8)-ROW($C$4))*7)=0, "", INDIRECT("Sheet2!T" & 9 + (ROW(D8)-ROW($C$4))*7))} | E8: {=IF(INDIRECT("Sheet2!U" & 9 + (ROW(E8)-ROW($C$4))*7)=0, "", INDIRECT("Sheet2!U" & 9 + (ROW(E8)-ROW($C$4))*7))} | F8: {=IF(INDIRECT("Sheet2!V" & 9 + (ROW(F8)-ROW($C$4))*7)=0, "", INDIRECT("Sheet2!V" & 9 + (ROW(F8)-ROW($C$4))*7))} | G8: {=IF(INDIRECT("Sheet2!W" & 9 + (ROW(G8)-ROW($C$4))*7)=0, "", INDIRECT("Sheet2!W" & 9 + (ROW(G8)-ROW($C$4))*7))} | H8: {=IF(INDIRECT("Sheet2!X" & 9 + (ROW(H8)-ROW($C$4))*7)=0, "", INDIRECT("Sheet2!X" & 9 + (ROW(H8)-ROW($C$4))*7))} | I8: {=IF(INDIRECT("Sheet2!Y" & 9 + (ROW(I8)-ROW($C$4))*7)=0, "", INDIRECT("Sheet2!Y" & 9 + (ROW(I8)-ROW($C$4))*7))} | J8: {=IF(INDIRECT("Sheet2!Z" & 9 + (ROW(J8)-ROW($C$4))*7)=0, "", INDIRECT("Sheet2!Z" & 9 + (ROW(J8)-ROW($C$4))*7))} | K8: {=IF(INDIRECT("Sheet2!AA" & 9 + (ROW(K8)-ROW($C$4))*7)=0, "", INDIRECT("Sheet2!AA" & 9 + (ROW(K8)-ROW($C$4))*7))} | L8: {=IF(INDIRECT("Sheet2!AB" & 9 + (ROW(L8)-ROW($C$4))*7)=0, "", INDIRECT("Sheet2!AB" & 9 + (ROW(L8)-ROW($C$4))*7))} | M8: {=IF(INDIRECT("Sheet2!AC" & 9 + (ROW(M8)-ROW($C$4))*7)=0, "", INDIRECT("Sheet2!AC" & 9 + (ROW(M8)-ROW($C$4))*7))} | N8: {=IF(INDIRECT("Sheet2!AD" & 9 + (ROW(N8)-ROW($C$4))*7)=0, "", INDIRECT("Sheet2!AD" & 9 + (ROW(N8)-ROW($C$4))*7))} | O8: {=IF(INDIRECT("Sheet2!AE" & 9 + (ROW(O8)-ROW($C$4))*7)=0, "", INDIRECT("Sheet2!AE" & 9 + (ROW(O8)-ROW($C$4))*7))}
C9: {=IF(INDIRECT("Sheet2!S" & 9 + (ROW(C9)-ROW($C$4))*7)=0, "", INDIRECT("Sheet2!S" & 9 + (ROW(C9)-ROW($C$4))*7))} | D9: {=IF(INDIRECT("Sheet2!T" & 9 + (ROW(D9)-ROW($C$4))*7)=0, "", INDIRECT("Sheet2!T" & 9 + (ROW(D9)-ROW($C$4))*7))} | E9: {=IF(INDIRECT("Sheet2!U" & 9 + (ROW(E9)-ROW($C$4))*7)=0, "", INDIRECT("Sheet2!U" & 9 + (ROW(E9)-ROW($C$4))*7))} | F9: {=IF(INDIRECT("Sheet2!V" & 9 + (ROW(F9)-ROW($C$4))*7)=0, "", INDIRECT("Sheet2!V" & 9 + (ROW(F9)-ROW($C$4))*7))} | G9: {=IF(INDIRECT("Sheet2!W" & 9 + (ROW(G9)-ROW($C$4))*7)=0, "", INDIRECT("Sheet2!W" & 9 + (ROW(G9)-ROW($C$4))*7))} | H9: {=IF(INDIRECT("Sheet2!X" & 9 + (ROW(H9)-ROW($C$4))*7)=0, "", INDIRECT("Sheet2!X" & 9 + (ROW(H9)-ROW($C$4))*7))} | I9: {=IF(INDIRECT("Sheet2!Y" & 9 + (ROW(I9)-ROW($C$4))*7)=0, "", INDIRECT("Sheet2!Y" & 9 + (ROW(I9)-ROW($C$4))*7))} | J9: {=IF(INDIRECT("Sheet2!Z" & 9 + (ROW(J9)-ROW($C$4))*7)=0, "", INDIRECT("Sheet2!Z" & 9 + (ROW(J9)-ROW($C$4))*7))} | K9: {=IF(INDIRECT("Sheet2!AA" & 9 + (ROW(K9)-ROW($C$4))*7)=0, "", INDIRECT("Sheet2!AA" & 9 + (ROW(K9)-ROW($C$4))*7))} | L9: {=IF(INDIRECT("Sheet2!AB" & 9 + (ROW(L9)-ROW($C$4))*7)=0, "", INDIRECT("Sheet2!AB" & 9 + (ROW(L9)-ROW($C$4))*7))} | M9: {=IF(INDIRECT("Sheet2!AC" & 9 + (ROW(M9)-ROW($C$4))*7)=0, "", INDIRECT("Sheet2!AC" & 9 + (ROW(M9)-ROW($C$4))*7))} | N9: {=IF(INDIRECT("Sheet2!AD" & 9 + (ROW(N9)-ROW($C$4))*7)=0, "", INDIRECT("Sheet2!AD" & 9 + (ROW(N9)-ROW($C$4))*7))} | O9: {=IF(INDIRECT("Sheet2!AE" & 9 + (ROW(O9)-ROW($C$4))*7)=0, "", INDIRECT("Sheet2!AE" & 9 + (ROW(O9)-ROW($C$4))*7))}
C10: {=IF(INDIRECT("Sheet2!S" & 9 + (ROW(C10)-ROW($C$4))*7)=0, "", INDIRECT("Sheet2!S" & 9 + (ROW(C10)-ROW($C$4))*7))} | D10: {=IF(INDIRECT("Sheet2!T" & 9 + (ROW(D10)-ROW($C$4))*7)=0, "", INDIRECT("Sheet2!T" & 9 + (ROW(D10)-ROW($C$4))*7))} | E10: {=IF(INDIRECT("Sheet2!U" & 9 + (ROW(E10)-ROW($C$4))*7)=0, "", INDIRECT("Sheet2!U" & 9 + (ROW(E10)-ROW($C$4))*7))} | F10: {=IF(INDIRECT("Sheet2!V" & 9 + (ROW(F10)-ROW($C$4))*7)=0, "", INDIRECT("Sheet2!V" & 9 + (ROW(F10)-ROW($C$4))*7))} | G10: {=IF(INDIRECT("Sheet2!W" & 9 + (ROW(G10)-ROW($C$4))*7)=0, "", INDIRECT("Sheet2!W" & 9 + (ROW(G10)-ROW($C$4))*7))} | H10: {=IF(INDIRECT("Sheet2!X" & 9 + (ROW(H10)-ROW($C$4))*7)=0, "", INDIRECT("Sheet2!X" & 9 + (ROW(H10)-ROW($C$4))*7))} | I10: {=IF(INDIRECT("Sheet2!Y" & 9 + (ROW(I10)-ROW($C$4))*7)=0, "", INDIRECT("Sheet2!Y" & 9 + (ROW(I10)-ROW($C$4))*7))} | J10: {=IF(INDIRECT("Sheet2!Z" & 9 + (ROW(J10)-ROW($C$4))*7)=0, "", INDIRECT("Sheet2!Z" & 9 + (ROW(J10)-ROW($C$4))*7))} | K10: {=IF(INDIRECT("Sheet2!AA" & 9 + (ROW(K10)-ROW($C$4))*7)=0, "", INDIRECT("Sheet2!AA" & 9 + (ROW(K10)-ROW($C$4))*7))} | L10: {=IF(INDIRECT("Sheet2!AB" & 9 + (ROW(L10)-ROW($C$4))*7)=0, "", INDIRECT("Sheet2!AB" & 9 + (ROW(L10)-ROW($C$4))*7))} | M10: {=IF(INDIRECT("Sheet2!AC" & 9 + (ROW(M10)-ROW($C$4))*7)=0, "", INDIRECT("Sheet2!AC" & 9 + (ROW(M10)-ROW($C$4))*7))} | N10: {=IF(INDIRECT("Sheet2!AD" & 9 + (ROW(N10)-ROW($C$4))*7)=0, "", INDIRECT("Sheet2!AD" & 9 + (ROW(N10)-ROW($C$4))*7))} | O10: {=IF(INDIRECT("Sheet2!AE" & 9 + (ROW(O10)-ROW($C$4))*7)=0, "", INDIRECT("Sheet2!AE" & 9 + (ROW(O10)-ROW($C$4))*7))}
C11: {=IF(INDIRECT("Sheet2!S" & 9 + (ROW(C11)-ROW($C$4))*7)=0, "", INDIRECT("Sheet2!S" & 9 + (ROW(C11)-ROW($C$4))*7))} | D11: {=IF(INDIRECT("Sheet2!T" & 9 + (ROW(D11)-ROW($C$4))*7)=0, "", INDIRECT("Sheet2!T" & 9 + (ROW(D11)-ROW($C$4))*7))} | E11: {=IF(INDIRECT("Sheet2!U" & 9 + (ROW(E11)-ROW($C$4))*7)=0, "", INDIRECT("Sheet2!U" & 9 + (ROW(E11)-ROW($C$4))*7))} | F11: {=IF(INDIRECT("Sheet2!V" & 9 + (ROW(F11)-ROW($C$4))*7)=0, "", INDIRECT("Sheet2!V" & 9 + (ROW(F11)-ROW($C$4))*7))} | G11: {=IF(INDIRECT("Sheet2!W" & 9 + (ROW(G11)-ROW($C$4))*7)=0, "", INDIRECT("Sheet2!W" & 9 + (ROW(G11)-ROW($C$4))*7))} | H11: {=IF(INDIRECT("Sheet2!X" & 9 + (ROW(H11)-ROW($C$4))*7)=0, "", INDIRECT("Sheet2!X" & 9 + (ROW(H11)-ROW($C$4))*7))} | I11: {=IF(INDIRECT("Sheet2!Y" & 9 + (ROW(I11)-ROW($C$4))*7)=0, "", INDIRECT("Sheet2!Y" & 9 + (ROW(I11)-ROW($C$4))*7))} | J11: {=IF(INDIRECT("Sheet2!Z" & 9 + (ROW(J11)-ROW($C$4))*7)=0, "", INDIRECT("Sheet2!Z" & 9 + (ROW(J11)-ROW($C$4))*7))} | K11: {=IF(INDIRECT("Sheet2!AA" & 9 + (ROW(K11)-ROW($C$4))*7)=0, "", INDIRECT("Sheet2!AA" & 9 + (ROW(K11)-ROW($C$4))*7))} | L11: {=IF(INDIRECT("Sheet2!AB" & 9 + (ROW(L11)-ROW($C$4))*7)=0, "", INDIRECT("Sheet2!AB" & 9 + (ROW(L11)-ROW($C$4))*7))} | M11: {=IF(INDIRECT("Sheet2!AC" & 9 + (ROW(M11)-ROW($C$4))*7)=0, "", INDIRECT("Sheet2!AC" & 9 + (ROW(M11)-ROW($C$4))*7))} | N11: {=IF(INDIRECT("Sheet2!AD" & 9 + (ROW(N11)-ROW($C$4))*7)=0, "", INDIRECT("Sheet2!AD" & 9 + (ROW(N11)-ROW($C$4))*7))} | O11: {=IF(INDIRECT("Sheet2!AE" & 9 + (ROW(O11)-ROW($C$4))*7)=0, "", INDIRECT("Sheet2!AE" & 9 + (ROW(O11)-ROW($C$4))*7))}
C12: {=IF(INDIRECT("Sheet2!S" & 9 + (ROW(C12)-ROW($C$4))*7)=0, "", INDIRECT("Sheet2!S" & 9 + (ROW(C12)-ROW($C$4))*7))} | D12: {=IF(INDIRECT("Sheet2!T" & 9 + (ROW(D12)-ROW($C$4))*7)=0, "", INDIRECT("Sheet2!T" & 9 + (ROW(D12)-ROW($C$4))*7))} | E12: {=IF(INDIRECT("Sheet2!U" & 9 + (ROW(E12)-ROW($C$4))*7)=0, "", INDIRECT("Sheet2!U" & 9 + (ROW(E12)-ROW($C$4))*7))} | F12: {=IF(INDIRECT("Sheet2!V" & 9 + (ROW(F12)-ROW($C$4))*7)=0, "", INDIRECT("Sheet2!V" & 9 + (ROW(F12)-ROW($C$4))*7))} | G12: {=IF(INDIRECT("Sheet2!W" & 9 + (ROW(G12)-ROW($C$4))*7)=0, "", INDIRECT("Sheet2!W" & 9 + (ROW(G12)-ROW($C$4))*7))} | H12: {=IF(INDIRECT("Sheet2!X" & 9 + (ROW(H12)-ROW($C$4))*7)=0, "", INDIRECT("Sheet2!X" & 9 + (ROW(H12)-ROW($C$4))*7))} | I12: {=IF(INDIRECT("Sheet2!Y" & 9 + (ROW(I12)-ROW($C$4))*7)=0, "", INDIRECT("Sheet2!Y" & 9 + (ROW(I12)-ROW($C$4))*7))} | J12: {=IF(INDIRECT("Sheet2!Z" & 9 + (ROW(J12)-ROW($C$4))*7)=0, "", INDIRECT("Sheet2!Z" & 9 + (ROW(J12)-ROW($C$4))*7))} | K12: {=IF(INDIRECT("Sheet2!AA" & 9 + (ROW(K12)-ROW($C$4))*7)=0, "", INDIRECT("Sheet2!AA" & 9 + (ROW(K12)-ROW($C$4))*7))} | L12: {=IF(INDIRECT("Sheet2!AB" & 9 + (ROW(L12)-ROW($C$4))*7)=0, "", INDIRECT("Sheet2!AB" & 9 + (ROW(L12)-ROW($C$4))*7))} | M12: {=IF(INDIRECT("Sheet2!AC" & 9 + (ROW(M12)-ROW($C$4))*7)=0, "", INDIRECT("Sheet2!AC" & 9 + (ROW(M12)-ROW($C$4))*7))} | N12: {=IF(INDIRECT("Sheet2!AD" & 9 + (ROW(N12)-ROW($C$4))*7)=0, "", INDIRECT("Sheet2!AD" & 9 + (ROW(N12)-ROW($C$4))*7))} | O12: {=IF(INDIRECT("Sheet2!AE" & 9 + (ROW(O12)-ROW($C$4))*7)=0, "", INDIRECT("Sheet2!AE" & 9 + (ROW(O12)-ROW($C$4))*7))}
C13: {=IF(INDIRECT("Sheet2!S" & 9 + (ROW(C13)-ROW($C$4))*7)=0, "", INDIRECT("Sheet2!S" & 9 + (ROW(C13)-ROW($C$4))*7))} | D13: {=IF(INDIRECT("Sheet2!T" & 9 + (ROW(D13)-ROW($C$4))*7)=0, "", INDIRECT("Sheet2!T" & 9 + (ROW(D13)-ROW($C$4))*7))} | E13: {=IF(INDIRECT("Sheet2!U" & 9 + (ROW(E13)-ROW($C$4))*7)=0, "", INDIRECT("Sheet2!U" & 9 + (ROW(E13)-ROW($C$4))*7))} | F13: {=IF(INDIRECT("Sheet2!V" & 9 + (ROW(F13)-ROW($C$4))*7)=0, "", INDIRECT("Sheet2!V" & 9 + (ROW(F13)-ROW($C$4))*7))} | G13: {=IF(INDIRECT("Sheet2!W" & 9 + (ROW(G13)-ROW($C$4))*7)=0, "", INDIRECT("Sheet2!W" & 9 + (ROW(G13)-ROW($C$4))*7))} | H13: {=IF(INDIRECT("Sheet2!X" & 9 + (ROW(H13)-ROW($C$4))*7)=0, "", INDIRECT("Sheet2!X" & 9 + (ROW(H13)-ROW($C$4))*7))} | I13: {=IF(INDIRECT("Sheet2!Y" & 9 + (ROW(I13)-ROW($C$4))*7)=0, "", INDIRECT("Sheet2!Y" & 9 + (ROW(I13)-ROW($C$4))*7))} | J13: {=IF(INDIRECT("Sheet2!Z" & 9 + (ROW(J13)-ROW($C$4))*7)=0, "", INDIRECT("Sheet2!Z" & 9 + (ROW(J13)-ROW($C$4))*7))} | K13: {=IF(INDIRECT("Sheet2!AA" & 9 + (ROW(K13)-ROW($C$4))*7)=0, "", INDIRECT("Sheet2!AA" & 9 + (ROW(K13)-ROW($C$4))*7))} | L13: {=IF(INDIRECT("Sheet2!AB" & 9 + (ROW(L13)-ROW($C$4))*7)=0, "", INDIRECT("Sheet2!AB" & 9 + (ROW(L13)-ROW($C$4))*7))} | M13: {=IF(INDIRECT("Sheet2!AC" & 9 + (ROW(M13)-ROW($C$4))*7)=0, "", INDIRECT("Sheet2!AC" & 9 + (ROW(M13)-ROW($C$4))*7))} | N13: {=IF(INDIRECT("Sheet2!AD" & 9 + (ROW(N13)-ROW($C$4))*7)=0, "", INDIRECT("Sheet2!AD" & 9 + (ROW(N13)-ROW($C$4))*7))} | O13: {=IF(INDIRECT("Sheet2!AE" & 9 + (ROW(O13)-ROW($C$4))*7)=0, "", INDIRECT("Sheet2!AE" & 9 + (ROW(O13)-ROW($C$4))*7))}
C14: {=IF(INDIRECT("Sheet2!S" & 9 + (ROW(C14)-ROW($C$4))*7)=0, "", INDIRECT("Sheet2!S" & 9 + (ROW(C14)-ROW($C$4))*7))} | D14: {=IF(INDIRECT("Sheet2!T" & 9 + (ROW(D14)-ROW($C$4))*7)=0, "", INDIRECT("Sheet2!T" & 9 + (ROW(D14)-ROW($C$4))*7))} | E14: {=IF(INDIRECT("Sheet2!U" & 9 + (ROW(E14)-ROW($C$4))*7)=0, "", INDIRECT("Sheet2!U" & 9 + (ROW(E14)-ROW($C$4))*7))} | F14: {=IF(INDIRECT("Sheet2!V" & 9 + (ROW(F14)-ROW($C$4))*7)=0, "", INDIRECT("Sheet2!V" & 9 + (ROW(F14)-ROW($C$4))*7))} | G14: {=IF(INDIRECT("Sheet2!W" & 9 + (ROW(G14)-ROW($C$4))*7)=0, "", INDIRECT("Sheet2!W" & 9 + (ROW(G14)-ROW($C$4))*7))} | H14: {=IF(INDIRECT("Sheet2!X" & 9 + (ROW(H14)-ROW($C$4))*7)=0, "", INDIRECT("Sheet2!X" & 9 + (ROW(H14)-ROW($C$4))*7))} | I14: {=IF(INDIRECT("Sheet2!Y" & 9 + (ROW(I14)-ROW($C$4))*7)=0, "", INDIRECT("Sheet2!Y" & 9 + (ROW(I14)-ROW($C$4))*7))} | J14: {=IF(INDIRECT("Sheet2!Z" & 9 + (ROW(J14)-ROW($C$4))*7)=0, "", INDIRECT("Sheet2!Z" & 9 + (ROW(J14)-ROW($C$4))*7))} | K14: {=IF(INDIRECT("Sheet2!AA" & 9 + (ROW(K14)-ROW($C$4))*7)=0, "", INDIRECT("Sheet2!AA" & 9 + (ROW(K14)-ROW($C$4))*7))} | L14: {=IF(INDIRECT("Sheet2!AB" & 9 + (ROW(L14)-ROW($C$4))*7)=0, "", INDIRECT("Sheet2!AB" & 9 + (ROW(L14)-ROW($C$4))*7))} | M14: {=IF(INDIRECT("Sheet2!AC" & 9 + (ROW(M14)-ROW($C$4))*7)=0, "", INDIRECT("Sheet2!AC" & 9 + (ROW(M14)-ROW($C$4))*7))} | N14: {=IF(INDIRECT("Sheet2!AD" & 9 + (ROW(N14)-ROW($C$4))*7)=0, "", INDIRECT("Sheet2!AD" & 9 + (ROW(N14)-ROW($C$4))*7))} | O14: {=IF(INDIRECT("Sheet2!AE" & 9 + (ROW(O14)-ROW($C$4))*7)=0, "", INDIRECT("Sheet2!AE" & 9 + (ROW(O14)-ROW($C$4))*7))}
C15: {=IF(INDIRECT("Sheet2!S" & 9 + (ROW(C15)-ROW($C$4))*7)=0, "", INDIRECT("Sheet2!S" & 9 + (ROW(C15)-ROW($C$4))*7))} | D15: {=IF(INDIRECT("Sheet2!T" & 9 + (ROW(D15)-ROW($C$4))*7)=0, "", INDIRECT("Sheet2!T" & 9 + (ROW(D15)-ROW($C$4))*7))} | E15: {=IF(INDIRECT("Sheet2!U" & 9 + (ROW(E15)-ROW($C$4))*7)=0, "", INDIRECT("Sheet2!U" & 9 + (ROW(E15)-ROW($C$4))*7))} | F15: {=IF(INDIRECT("Sheet2!V" & 9 + (ROW(F15)-ROW($C$4))*7)=0, "", INDIRECT("Sheet2!V" & 9 + (ROW(F15)-ROW($C$4))*7))} | G15: {=IF(INDIRECT("Sheet2!W" & 9 + (ROW(G15)-ROW($C$4))*7)=0, "", INDIRECT("Sheet2!W" & 9 + (ROW(G15)-ROW($C$4))*7))} | H15: {=IF(INDIRECT("Sheet2!X" & 9 + (ROW(H15)-ROW($C$4))*7)=0, "", INDIRECT("Sheet2!X" & 9 + (ROW(H15)-ROW($C$4))*7))} | I15: {=IF(INDIRECT("Sheet2!Y" & 9 + (ROW(I15)-ROW($C$4))*7)=0, "", INDIRECT("Sheet2!Y" & 9 + (ROW(I15)-ROW($C$4))*7))} | J15: {=IF(INDIRECT("Sheet2!Z" & 9 + (ROW(J15)-ROW($C$4))*7)=0, "", INDIRECT("Sheet2!Z" & 9 + (ROW(J15)-ROW($C$4))*7))} | K15: {=IF(INDIRECT("Sheet2!AA" & 9 + (ROW(K15)-ROW($C$4))*7)=0, "", INDIRECT("Sheet2!AA" & 9 + (ROW(K15)-ROW($C$4))*7))} | L15: {=IF(INDIRECT("Sheet2!AB" & 9 + (ROW(L15)-ROW($C$4))*7)=0, "", INDIRECT("Sheet2!AB" & 9 + (ROW(L15)-ROW($C$4))*7))} | M15: {=IF(INDIRECT("Sheet2!AC" & 9 + (ROW(M15)-ROW($C$4))*7)=0, "", INDIRECT("Sheet2!AC" & 9 + (ROW(M15)-ROW($C$4))*7))} | N15: {=IF(INDIRECT("Sheet2!AD" & 9 + (ROW(N15)-ROW($C$4))*7)=0, "", INDIRECT("Sheet2!AD" & 9 + (ROW(N15)-ROW($C$4))*7))} | O15: {=IF(INDIRECT("Sheet2!AE" & 9 + (ROW(O15)-ROW($C$4))*7)=0, "", INDIRECT("Sheet2!AE" & 9 + (ROW(O15)-ROW($C$4))*7))}
... C41: {=IF(INDIRECT("Sheet2!S" & 9 + (ROW(C41)-ROW($C$4))*7)=0, "", INDIRECT("Sheet2!S" & 9 + (ROW(C41)-ROW($C$4))*7))} | D41: {=IF(INDIRECT("Sheet2!T" & 9 + (ROW(D41)-ROW($C$4))*7)=0, "", INDIRECT("Sheet2!T" & 9 + (ROW(D41)-ROW($C$4))*7))} | E41: {=IF(INDIRECT("Sheet2!U" & 9 + (ROW(E41)-ROW($C$4))*7)=0, "", INDIRECT("Sheet2!U" & 9 + (ROW(E41)-ROW($C$4))*7))} | F41: {=IF(INDIRECT("Sheet2!V" & 9 + (ROW(F41)-ROW($C$4))*7)=0, "", INDIRECT("Sheet2!V" & 9 + (ROW(F41)-ROW($C$4))*7))} | G41: {=IF(INDIRECT("Sheet2!W" & 9 + (ROW(G41)-ROW($C$4))*7)=0, "", INDIRECT("Sheet2!W" & 9 + (ROW(G41)-ROW($C$4))*7))} | H41: {=IF(INDIRECT("Sheet2!X" & 9 + (ROW(H41)-ROW($C$4))*7)=0, "", INDIRECT("Sheet2!X" & 9 + (ROW(H41)-ROW($C$4))*7))} | I41: {=IF(INDIRECT("Sheet2!Y" & 9 + (ROW(I41)-ROW($C$4))*7)=0, "", INDIRECT("Sheet2!Y" & 9 + (ROW(I41)-ROW($C$4))*7))} | J41: {=IF(INDIRECT("Sheet2!Z" & 9 + (ROW(J41)-ROW($C$4))*7)=0, "", INDIRECT("Sheet2!Z" & 9 + (ROW(J41)-ROW($C$4))*7))} | K41: {=IF(INDIRECT("Sheet2!AA" & 9 + (ROW(K41)-ROW($C$4))*7)=0, "", INDIRECT("Sheet2!AA" & 9 + (ROW(K41)-ROW($C$4))*7))} | L41: {=IF(INDIRECT("Sheet2!AB" & 9 + (ROW(L41)-ROW($C$4))*7)=0, "", INDIRECT("Sheet2!AB" & 9 + (ROW(L41)-ROW($C$4))*7))} | M41: {=IF(INDIRECT("Sheet2!AC" & 9 + (ROW(M41)-ROW($C$4))*7)=0, "", INDIRECT("Sheet2!AC" & 9 + (ROW(M41)-ROW($C$4))*7))} | N41: {=IF(INDIRECT("Sheet2!AD" & 9 + (ROW(N41)-ROW($C$4))*7)=0, "", INDIRECT("Sheet2!AD" & 9 + (ROW(N41)-ROW($C$4))*7))} | O41: {=IF(INDIRECT("Sheet2!AE" & 9 + (ROW(O41)-ROW($C$4))*7)=0, "", INDIRECT("Sheet2!AE" & 9 + (ROW(O41)-ROW($C$4))*7))}
B42: Total | C42: =SUM(C4:C41) -> 0 | D42: =SUM(D4:D41) -> 0 | E42: =SUM(E4:E41) -> 0 | F42: =SUM(F4:F41) -> 0 | G42: =SUM(G4:G41) -> 0 | H42: =SUM(H4:H41) -> 0 | I42: =SUM(I4:I41) -> 0 | J42: =SUM(J4:J41) -> 0 | ... O42: =SUM(O4:O41) -> 0
B49: PL CS
C50: Callum | D50: Charlotte | E50: Ellena | F50: George | G50: Harry | H50: Nicola | I50: Reece | J50: Rory | K50: Ruby | L50: Sam A | M50: Sam L | N50: Will | O50: Caius
C51: {=INDIRECT("Sheet2!D" & 10 + (ROW(C4)-ROW($C$4))*7)} -> 0 | D51: {=INDIRECT("Sheet2!E" & 10 + (ROW(D4)-ROW($C$4))*7)} -> 0 | E51: {=INDIRECT("Sheet2!F" & 10 + (ROW(E4)-ROW($C$4))*7)} -> 0 | F51: {=INDIRECT("Sheet2!G" & 10 + (ROW(F4)-ROW($C$4))*7)} -> 0 | G51: {=INDIRECT("Sheet2!H" & 10 + (ROW(G4)-ROW($C$4))*7)} -> 0 | H51: {=INDIRECT("Sheet2!I" & 10 + (ROW(H4)-ROW($C$4))*7)} -> 0 | I51: {=INDIRECT("Sheet2!J" & 10 + (ROW(I4)-ROW($C$4))*7)} -> 0 | J51: {=INDIRECT("Sheet2!K" & 10 + (ROW(J4)-ROW($C$4))*7)} -> 0 | K51: {=INDIRECT("Sheet2!L" & 10 + (ROW(K4)-ROW($C$4))*7)} -> 0 | L51: {=INDIRECT("Sheet2!M" & 10 + (ROW(L4)-ROW($C$4))*7)} -> 0 | M51: {=INDIRECT("Sheet2!N" & 10 + (ROW(M4)-ROW($C$4))*7)} -> 0 | N51: {=INDIRECT("Sheet2!o" & 10 + (ROW(N4)-ROW($C$4))*7)} -> 0 | O51: {=INDIRECT("Sheet2!p" & 10 + (ROW(O4)-ROW($C$4))*7)} -> 0
C52: {=INDIRECT("Sheet2!D" & 10 + (ROW(C5)-ROW($C$4))*7)} -> 0 | D52: {=INDIRECT("Sheet2!E" & 10 + (ROW(D5)-ROW($C$4))*7)} -> 0 | E52: {=INDIRECT("Sheet2!F" & 10 + (ROW(E5)-ROW($C$4))*7)} -> 0 | F52: {=INDIRECT("Sheet2!G" & 10 + (ROW(F5)-ROW($C$4))*7)} -> 0 | G52: {=INDIRECT("Sheet2!H" & 10 + (ROW(G5)-ROW($C$4))*7)} -> 0 | H52: {=INDIRECT("Sheet2!I" & 10 + (ROW(H5)-ROW($C$4))*7)} -> 0 | I52: {=INDIRECT("Sheet2!J" & 10 + (ROW(I5)-ROW($C$4))*7)} -> 0 | J52: {=INDIRECT("Sheet2!K" & 10 + (ROW(J5)-ROW($C$4))*7)} -> 0 | K52: {=INDIRECT("Sheet2!L" & 10 + (ROW(K5)-ROW($C$4))*7)} -> 0 | L52: {=INDIRECT("Sheet2!M" & 10 + (ROW(L5)-ROW($C$4))*7)} -> 0 | M52: {=INDIRECT("Sheet2!N" & 10 + (ROW(M5)-ROW($C$4))*7)} -> 0 | N52: {=INDIRECT("Sheet2!o" & 10 + (ROW(N5)-ROW($C$4))*7)} -> 0 | O52: {=INDIRECT("Sheet2!p" & 10 + (ROW(O5)-ROW($C$4))*7)} -> 0
C53: {=INDIRECT("Sheet2!D" & 10 + (ROW(C6)-ROW($C$4))*7)} -> 0 | D53: {=INDIRECT("Sheet2!E" & 10 + (ROW(D6)-ROW($C$4))*7)} -> 0 | E53: {=INDIRECT("Sheet2!F" & 10 + (ROW(E6)-ROW($C$4))*7)} -> 0 | F53: {=INDIRECT("Sheet2!G" & 10 + (ROW(F6)-ROW($C$4))*7)} -> 0 | G53: {=INDIRECT("Sheet2!H" & 10 + (ROW(G6)-ROW($C$4))*7)} -> 0 | H53: {=INDIRECT("Sheet2!I" & 10 + (ROW(H6)-ROW($C$4))*7)} -> 0 | I53: {=INDIRECT("Sheet2!J" & 10 + (ROW(I6)-ROW($C$4))*7)} -> 0 | J53: {=INDIRECT("Sheet2!K" & 10 + (ROW(J6)-ROW($C$4))*7)} -> 0 | K53: {=INDIRECT("Sheet2!L" & 10 + (ROW(K6)-ROW($C$4))*7)} -> 0 | L53: {=INDIRECT("Sheet2!M" & 10 + (ROW(L6)-ROW($C$4))*7)} -> 0 | M53: {=INDIRECT("Sheet2!N" & 10 + (ROW(M6)-ROW($C$4))*7)} -> 0 | N53: {=INDIRECT("Sheet2!o" & 10 + (ROW(N6)-ROW($C$4))*7)} -> 0 | O53: {=INDIRECT("Sheet2!p" & 10 + (ROW(O6)-ROW($C$4))*7)} -> 0
C54: {=INDIRECT("Sheet2!D" & 10 + (ROW(C7)-ROW($C$4))*7)} -> 0 | D54: {=INDIRECT("Sheet2!E" & 10 + (ROW(D7)-ROW($C$4))*7)} -> 0 | E54: {=INDIRECT("Sheet2!F" & 10 + (ROW(E7)-ROW($C$4))*7)} -> 0 | F54: {=INDIRECT("Sheet2!G" & 10 + (ROW(F7)-ROW($C$4))*7)} -> 0 | G54: {=INDIRECT("Sheet2!H" & 10 + (ROW(G7)-ROW($C$4))*7)} -> 0 | H54: {=INDIRECT("Sheet2!I" & 10 + (ROW(H7)-ROW($C$4))*7)} -> 0 | I54: {=INDIRECT("Sheet2!J" & 10 + (ROW(I7)-ROW($C$4))*7)} -> 0 | J54: {=INDIRECT("Sheet2!K" & 10 + (ROW(J7)-ROW($C$4))*7)} -> 0 | K54: {=INDIRECT("Sheet2!L" & 10 + (ROW(K7)-ROW($C$4))*7)} -> 0 | L54: {=INDIRECT("Sheet2!M" & 10 + (ROW(L7)-ROW($C$4))*7)} -> 0 | M54: {=INDIRECT("Sheet2!N" & 10 + (ROW(M7)-ROW($C$4))*7)} -> 0 | N54: {=INDIRECT("Sheet2!o" & 10 + (ROW(N7)-ROW($C$4))*7)} -> 0 | O54: {=INDIRECT("Sheet2!p" & 10 + (ROW(O7)-ROW($C$4))*7)} -> 0
C55: {=INDIRECT("Sheet2!D" & 10 + (ROW(C8)-ROW($C$4))*7)} -> 0 | D55: {=INDIRECT("Sheet2!E" & 10 + (ROW(D8)-ROW($C$4))*7)} -> 0 | E55: {=INDIRECT("Sheet2!F" & 10 + (ROW(E8)-ROW($C$4))*7)} -> 0 | F55: {=INDIRECT("Sheet2!G" & 10 + (ROW(F8)-ROW($C$4))*7)} -> 0 | G55: {=INDIRECT("Sheet2!H" & 10 + (ROW(G8)-ROW($C$4))*7)} -> 0 | H55: {=INDIRECT("Sheet2!I" & 10 + (ROW(H8)-ROW($C$4))*7)} -> 0 | I55: {=INDIRECT("Sheet2!J" & 10 + (ROW(I8)-ROW($C$4))*7)} -> 0 | J55: {=INDIRECT("Sheet2!K" & 10 + (ROW(J8)-ROW($C$4))*7)} -> 0 | K55: {=INDIRECT("Sheet2!L" & 10 + (ROW(K8)-ROW($C$4))*7)} -> 0 | L55: {=INDIRECT("Sheet2!M" & 10 + (ROW(L8)-ROW($C$4))*7)} -> 0 | M55: {=INDIRECT("Sheet2!N" & 10 + (ROW(M8)-ROW($C$4))*7)} -> 0 | N55: {=INDIRECT("Sheet2!o" & 10 + (ROW(N8)-ROW($C$4))*7)} -> 0 | O55: {=INDIRECT("Sheet2!p" & 10 + (ROW(O8)-ROW($C$4))*7)} -> 0
C56: {=INDIRECT("Sheet2!D" & 10 + (ROW(C9)-ROW($C$4))*7)} -> 0 | D56: {=INDIRECT("Sheet2!E" & 10 + (ROW(D9)-ROW($C$4))*7)} -> 0 | E56: {=INDIRECT("Sheet2!F" & 10 + (ROW(E9)-ROW($C$4))*7)} -> 0 | F56: {=INDIRECT("Sheet2!G" & 10 + (ROW(F9)-ROW($C$4))*7)} -> 0 | G56: {=INDIRECT("Sheet2!H" & 10 + (ROW(G9)-ROW($C$4))*7)} -> 0 | H56: {=INDIRECT("Sheet2!I" & 10 + (ROW(H9)-ROW($C$4))*7)} -> 0 | I56: {=INDIRECT("Sheet2!J" & 10 + (ROW(I9)-ROW($C$4))*7)} -> 0 | J56: {=INDIRECT("Sheet2!K" & 10 + (ROW(J9)-ROW($C$4))*7)} -> 0 | K56: {=INDIRECT("Sheet2!L" & 10 + (ROW(K9)-ROW($C$4))*7)} -> 0 | L56: {=INDIRECT("Sheet2!M" & 10 + (ROW(L9)-ROW($C$4))*7)} -> 0 | M56: {=INDIRECT("Sheet2!N" & 10 + (ROW(M9)-ROW($C$4))*7)} -> 0 | N56: {=INDIRECT("Sheet2!o" & 10 + (ROW(N9)-ROW($C$4))*7)} -> 0 | O56: {=INDIRECT("Sheet2!p" & 10 + (ROW(O9)-ROW($C$4))*7)} -> 0
C57: {=INDIRECT("Sheet2!D" & 10 + (ROW(C10)-ROW($C$4))*7)} -> 0 | D57: {=INDIRECT("Sheet2!E" & 10 + (ROW(D10)-ROW($C$4))*7)} -> 0 | E57: {=INDIRECT("Sheet2!F" & 10 + (ROW(E10)-ROW($C$4))*7)} -> 0 | F57: {=INDIRECT("Sheet2!G" & 10 + (ROW(F10)-ROW($C$4))*7)} -> 0 | G57: {=INDIRECT("Sheet2!H" & 10 + (ROW(G10)-ROW($C$4))*7)} -> 0 | H57: {=INDIRECT("Sheet2!I" & 10 + (ROW(H10)-ROW($C$4))*7)} -> 0 | I57: {=INDIRECT("Sheet2!J" & 10 + (ROW(I10)-ROW($C$4))*7)} -> 0 | J57: {=INDIRECT("Sheet2!K" & 10 + (ROW(J10)-ROW($C$4))*7)} -> 0 | K57: {=INDIRECT("Sheet2!L" & 10 + (ROW(K10)-ROW($C$4))*7)} -> 0 | L57: {=INDIRECT("Sheet2!M" & 10 + (ROW(L10)-ROW($C$4))*7)} -> 0 | M57: {=INDIRECT("Sheet2!N" & 10 + (ROW(M10)-ROW($C$4))*7)} -> 0 | N57: {=INDIRECT("Sheet2!o" & 10 + (ROW(N10)-ROW($C$4))*7)} -> 0 | O57: {=INDIRECT("Sheet2!p" & 10 + (ROW(O10)-ROW($C$4))*7)} -> 0
C58: {=INDIRECT("Sheet2!D" & 10 + (ROW(C11)-ROW($C$4))*7)} -> 0 | D58: {=INDIRECT("Sheet2!E" & 10 + (ROW(D11)-ROW($C$4))*7)} -> 0 | E58: {=INDIRECT("Sheet2!F" & 10 + (ROW(E11)-ROW($C$4))*7)} -> 0 | F58: {=INDIRECT("Sheet2!G" & 10 + (ROW(F11)-ROW($C$4))*7)} -> 0 | G58: {=INDIRECT("Sheet2!H" & 10 + (ROW(G11)-ROW($C$4))*7)} -> 0 | H58: {=INDIRECT("Sheet2!I" & 10 + (ROW(H11)-ROW($C$4))*7)} -> 0 | I58: {=INDIRECT("Sheet2!J" & 10 + (ROW(I11)-ROW($C$4))*7)} -> 0 | J58: {=INDIRECT("Sheet2!K" & 10 + (ROW(J11)-ROW($C$4))*7)} -> 0 | K58: {=INDIRECT("Sheet2!L" & 10 + (ROW(K11)-ROW($C$4))*7)} -> 0 | L58: {=INDIRECT("Sheet2!M" & 10 + (ROW(L11)-ROW($C$4))*7)} -> 0 | M58: {=INDIRECT("Sheet2!N" & 10 + (ROW(M11)-ROW($C$4))*7)} -> 0 | N58: {=INDIRECT("Sheet2!o" & 10 + (ROW(N11)-ROW($C$4))*7)} -> 0 | O58: {=INDIRECT("Sheet2!p" & 10 + (ROW(O11)-ROW($C$4))*7)} -> 0
C59: {=INDIRECT("Sheet2!D" & 10 + (ROW(C12)-ROW($C$4))*7)} -> 0 | D59: {=INDIRECT("Sheet2!E" & 10 + (ROW(D12)-ROW($C$4))*7)} -> 0 | E59: {=INDIRECT("Sheet2!F" & 10 + (ROW(E12)-ROW($C$4))*7)} -> 0 | F59: {=INDIRECT("Sheet2!G" & 10 + (ROW(F12)-ROW($C$4))*7)} -> 0 | G59: {=INDIRECT("Sheet2!H" & 10 + (ROW(G12)-ROW($C$4))*7)} -> 0 | H59: {=INDIRECT("Sheet2!I" & 10 + (ROW(H12)-ROW($C$4))*7)} -> 0 | I59: {=INDIRECT("Sheet2!J" & 10 + (ROW(I12)-ROW($C$4))*7)} -> 0 | J59: {=INDIRECT("Sheet2!K" & 10 + (ROW(J12)-ROW($C$4))*7)} -> 0 | K59: {=INDIRECT("Sheet2!L" & 10 + (ROW(K12)-ROW($C$4))*7)} -> 0 | L59: {=INDIRECT("Sheet2!M" & 10 + (ROW(L12)-ROW($C$4))*7)} -> 0 | M59: {=INDIRECT("Sheet2!N" & 10 + (ROW(M12)-ROW($C$4))*7)} -> 0 | N59: {=INDIRECT("Sheet2!o" & 10 + (ROW(N12)-ROW($C$4))*7)} -> 0 | O59: {=INDIRECT("Sheet2!p" & 10 + (ROW(O12)-ROW($C$4))*7)} -> 0
C60: {=INDIRECT("Sheet2!D" & 10 + (ROW(C13)-ROW($C$4))*7)} -> 0 | D60: {=INDIRECT("Sheet2!E" & 10 + (ROW(D13)-ROW($C$4))*7)} -> 0 | E60: {=INDIRECT("Sheet2!F" & 10 + (ROW(E13)-ROW($C$4))*7)} -> 0 | F60: {=INDIRECT("Sheet2!G" & 10 + (ROW(F13)-ROW($C$4))*7)} -> 0 | G60: {=INDIRECT("Sheet2!H" & 10 + (ROW(G13)-ROW($C$4))*7)} -> 0 | H60: {=INDIRECT("Sheet2!I" & 10 + (ROW(H13)-ROW($C$4))*7)} -> 0 | I60: {=INDIRECT("Sheet2!J" & 10 + (ROW(I13)-ROW($C$4))*7)} -> 0 | J60: {=INDIRECT("Sheet2!K" & 10 + (ROW(J13)-ROW($C$4))*7)} -> 0 | K60: {=INDIRECT("Sheet2!L" & 10 + (ROW(K13)-ROW($C$4))*7)} -> 0 | L60: {=INDIRECT("Sheet2!M" & 10 + (ROW(L13)-ROW($C$4))*7)} -> 0 | M60: {=INDIRECT("Sheet2!N" & 10 + (ROW(M13)-ROW($C$4))*7)} -> 0 | N60: {=INDIRECT("Sheet2!o" & 10 + (ROW(N13)-ROW($C$4))*7)} -> 0 | O60: {=INDIRECT("Sheet2!p" & 10 + (ROW(O13)-ROW($C$4))*7)} -> 0
C61: {=INDIRECT("Sheet2!D" & 10 + (ROW(C14)-ROW($C$4))*7)} -> 0 | D61: {=INDIRECT("Sheet2!E" & 10 + (ROW(D14)-ROW($C$4))*7)} -> 0 | E61: {=INDIRECT("Sheet2!F" & 10 + (ROW(E14)-ROW($C$4))*7)} -> 0 | F61: {=INDIRECT("Sheet2!G" & 10 + (ROW(F14)-ROW($C$4))*7)} -> 0 | G61: {=INDIRECT("Sheet2!H" & 10 + (ROW(G14)-ROW($C$4))*7)} -> 0 | H61: {=INDIRECT("Sheet2!I" & 10 + (ROW(H14)-ROW($C$4))*7)} -> 0 | I61: {=INDIRECT("Sheet2!J" & 10 + (ROW(I14)-ROW($C$4))*7)} -> 0 | J61: {=INDIRECT("Sheet2!K" & 10 + (ROW(J14)-ROW($C$4))*7)} -> 0 | K61: {=INDIRECT("Sheet2!L" & 10 + (ROW(K14)-ROW($C$4))*7)} -> 0 | L61: {=INDIRECT("Sheet2!M" & 10 + (ROW(L14)-ROW($C$4))*7)} -> 0 | M61: {=INDIRECT("Sheet2!N" & 10 + (ROW(M14)-ROW($C$4))*7)} -> 0 | N61: {=INDIRECT("Sheet2!o" & 10 + (ROW(N14)-ROW($C$4))*7)} -> 0 | O61: {=INDIRECT("Sheet2!p" & 10 + (ROW(O14)-ROW($C$4))*7)} -> 0
C62: {=INDIRECT("Sheet2!D" & 10 + (ROW(C15)-ROW($C$4))*7)} -> 0 | D62: {=INDIRECT("Sheet2!E" & 10 + (ROW(D15)-ROW($C$4))*7)} -> 0 | E62: {=INDIRECT("Sheet2!F" & 10 + (ROW(E15)-ROW($C$4))*7)} -> 0 | F62: {=INDIRECT("Sheet2!G" & 10 + (ROW(F15)-ROW($C$4))*7)} -> 0 | G62: {=INDIRECT("Sheet2!H" & 10 + (ROW(G15)-ROW($C$4))*7)} -> 0 | H62: {=INDIRECT("Sheet2!I" & 10 + (ROW(H15)-ROW($C$4))*7)} -> 0 | I62: {=INDIRECT("Sheet2!J" & 10 + (ROW(I15)-ROW($C$4))*7)} -> 0 | J62: {=INDIRECT("Sheet2!K" & 10 + (ROW(J15)-ROW($C$4))*7)} -> 0 | K62: {=INDIRECT("Sheet2!L" & 10 + (ROW(K15)-ROW($C$4))*7)} -> 0 | L62: {=INDIRECT("Sheet2!M" & 10 + (ROW(L15)-ROW($C$4))*7)} -> 0 | M62: {=INDIRECT("Sheet2!N" & 10 + (ROW(M15)-ROW($C$4))*7)} -> 0 | N62: {=INDIRECT("Sheet2!o" & 10 + (ROW(N15)-ROW($C$4))*7)} -> 0 | O62: {=INDIRECT("Sheet2!p" & 10 + (ROW(O15)-ROW($C$4))*7)} -> 0
... C88: {=INDIRECT("Sheet2!D" & 10 + (ROW(C41)-ROW($C$4))*7)} -> 0 | D88: {=INDIRECT("Sheet2!E" & 10 + (ROW(D41)-ROW($C$4))*7)} -> 0 | E88: {=INDIRECT("Sheet2!F" & 10 + (ROW(E41)-ROW($C$4))*7)} -> 0 | F88: {=INDIRECT("Sheet2!G" & 10 + (ROW(F41)-ROW($C$4))*7)} -> 0 | G88: {=INDIRECT("Sheet2!H" & 10 + (ROW(G41)-ROW($C$4))*7)} -> 0 | H88: {=INDIRECT("Sheet2!I" & 10 + (ROW(H41)-ROW($C$4))*7)} -> 0 | I88: {=INDIRECT("Sheet2!J" & 10 + (ROW(I41)-ROW($C$4))*7)} -> 0 | J88: {=INDIRECT("Sheet2!K" & 10 + (ROW(J41)-ROW($C$4))*7)} -> 0 | K88: {=INDIRECT("Sheet2!L" & 10 + (ROW(K41)-ROW($C$4))*7)} -> 0 | L88: {=INDIRECT("Sheet2!M" & 10 + (ROW(L41)-ROW($C$4))*7)} -> 0 | M88: {=INDIRECT("Sheet2!N" & 10 + (ROW(M41)-ROW($C$4))*7)} -> 0 | N88: {=INDIRECT("Sheet2!o" & 10 + (ROW(N41)-ROW($C$4))*7)} -> 0 | O88: {=INDIRECT("Sheet2!p" & 10 + (ROW(O41)-ROW($C$4))*7)} -> 0
B89: Total | C89: =SUM(C51:C88) -> 0 | D89: =SUM(D51:D88) -> 0 | E89: =SUM(E51:E88) -> 0 | F89: =SUM(F51:F88) -> 0 | G89: =SUM(G51:G88) -> 0 | H89: =SUM(H51:H88) -> 0 | I89: =SUM(I51:I88) -> 0 | J89: =SUM(J51:J88) -> 0 | ... O89: =SUM(O51:O88) -> 0
B93: EX CS
C94: Callum | D94: Charlotte | E94: Ellena | F94: George | G94: Harry | H94: Nicola | I94: Reece | J94: Rory | K94: Ruby | L94: Sam A | M94: Sam L | N94: Will | O94: Caius
C95: {=INDIRECT("Sheet2!S" & 10 + (ROW(C4)-ROW($C$4))*7)} -> 0 | D95: {=INDIRECT("Sheet2!T" & 10 + (ROW(D4)-ROW($C$4))*7)} -> 0 | E95: {=INDIRECT("Sheet2!U" & 10 + (ROW(E4)-ROW($C$4))*7)} -> 0 | F95: {=INDIRECT("Sheet2!V" & 10 + (ROW(F4)-ROW($C$4))*7)} -> 0 | G95: {=INDIRECT("Sheet2!W" & 10 + (ROW(G4)-ROW($C$4))*7)} -> 0 | H95: {=INDIRECT("Sheet2!X" & 10 + (ROW(H4)-ROW($C$4))*7)} -> 0 | I95: {=INDIRECT("Sheet2!Y" & 10 + (ROW(I4)-ROW($C$4))*7)} -> 0 | J95: {=INDIRECT("Sheet2!Z" & 10 + (ROW(J4)-ROW($C$4))*7)} -> 0 | K95: {=INDIRECT("Sheet2!AA" & 10 + (ROW(K4)-ROW($C$4))*7)} -> 0 | L95: {=INDIRECT("Sheet2!AB" & 10 + (ROW(L4)-ROW($C$4))*7)} -> 0 | M95: {=INDIRECT("Sheet2!AC" & 10 + (ROW(M4)-ROW($C$4))*7)} -> 0 | N95: {=INDIRECT("Sheet2!AD" & 10 + (ROW(N4)-ROW($C$4))*7)} -> 0 | O95: {=INDIRECT("Sheet2!AE" & 10 + (ROW(O4)-ROW($C$4))*7)} -> 0
C96: {=INDIRECT("Sheet2!S" & 10 + (ROW(C5)-ROW($C$4))*7)} -> 0 | D96: {=INDIRECT("Sheet2!T" & 10 + (ROW(D5)-ROW($C$4))*7)} -> 0 | E96: {=INDIRECT("Sheet2!U" & 10 + (ROW(E5)-ROW($C$4))*7)} -> 0 | F96: {=INDIRECT("Sheet2!V" & 10 + (ROW(F5)-ROW($C$4))*7)} -> 0 | G96: {=INDIRECT("Sheet2!W" & 10 + (ROW(G5)-ROW($C$4))*7)} -> 0 | H96: {=INDIRECT("Sheet2!X" & 10 + (ROW(H5)-ROW($C$4))*7)} -> 0 | I96: {=INDIRECT("Sheet2!Y" & 10 + (ROW(I5)-ROW($C$4))*7)} -> 0 | J96: {=INDIRECT("Sheet2!Z" & 10 + (ROW(J5)-ROW($C$4))*7)} -> 0 | K96: {=INDIRECT("Sheet2!AA" & 10 + (ROW(K5)-ROW($C$4))*7)} -> 0 | L96: {=INDIRECT("Sheet2!AB" & 10 + (ROW(L5)-ROW($C$4))*7)} -> 0 | M96: {=INDIRECT("Sheet2!AC" & 10 + (ROW(M5)-ROW($C$4))*7)} -> 0 | N96: {=INDIRECT("Sheet2!AD" & 10 + (ROW(N5)-ROW($C$4))*7)} -> 0 | O96: {=INDIRECT("Sheet2!AE" & 10 + (ROW(O5)-ROW($C$4))*7)} -> 0
C97: {=INDIRECT("Sheet2!S" & 10 + (ROW(C6)-ROW($C$4))*7)} -> 0 | D97: {=INDIRECT("Sheet2!T" & 10 + (ROW(D6)-ROW($C$4))*7)} -> 0 | E97: {=INDIRECT("Sheet2!U" & 10 + (ROW(E6)-ROW($C$4))*7)} -> 0 | F97: {=INDIRECT("Sheet2!V" & 10 + (ROW(F6)-ROW($C$4))*7)} -> 0 | G97: {=INDIRECT("Sheet2!W" & 10 + (ROW(G6)-ROW($C$4))*7)} -> 0 | H97: {=INDIRECT("Sheet2!X" & 10 + (ROW(H6)-ROW($C$4))*7)} -> 0 | I97: {=INDIRECT("Sheet2!Y" & 10 + (ROW(I6)-ROW($C$4))*7)} -> 0 | J97: {=INDIRECT("Sheet2!Z" & 10 + (ROW(J6)-ROW($C$4))*7)} -> 0 | K97: {=INDIRECT("Sheet2!AA" & 10 + (ROW(K6)-ROW($C$4))*7)} -> 0 | L97: {=INDIRECT("Sheet2!AB" & 10 + (ROW(L6)-ROW($C$4))*7)} -> 0 | M97: {=INDIRECT("Sheet2!AC" & 10 + (ROW(M6)-ROW($C$4))*7)} -> 0 | N97: {=INDIRECT("Sheet2!AD" & 10 + (ROW(N6)-ROW($C$4))*7)} -> 0 | O97: {=INDIRECT("Sheet2!AE" & 10 + (ROW(O6)-ROW($C$4))*7)} -> 0
C98: {=INDIRECT("Sheet2!S" & 10 + (ROW(C7)-ROW($C$4))*7)} -> 0 | D98: {=INDIRECT("Sheet2!T" & 10 + (ROW(D7)-ROW($C$4))*7)} -> 0 | E98: {=INDIRECT("Sheet2!U" & 10 + (ROW(E7)-ROW($C$4))*7)} -> 0 | F98: {=INDIRECT("Sheet2!V" & 10 + (ROW(F7)-ROW($C$4))*7)} -> 0 | G98: {=INDIRECT("Sheet2!W" & 10 + (ROW(G7)-ROW($C$4))*7)} -> 0 | H98: {=INDIRECT("Sheet2!X" & 10 + (ROW(H7)-ROW($C$4))*7)} -> 0 | I98: {=INDIRECT("Sheet2!Y" & 10 + (ROW(I7)-ROW($C$4))*7)} -> 0 | J98: {=INDIRECT("Sheet2!Z" & 10 + (ROW(J7)-ROW($C$4))*7)} -> 0 | K98: {=INDIRECT("Sheet2!AA" & 10 + (ROW(K7)-ROW($C$4))*7)} -> 0 | L98: {=INDIRECT("Sheet2!AB" & 10 + (ROW(L7)-ROW($C$4))*7)} -> 0 | M98: {=INDIRECT("Sheet2!AC" & 10 + (ROW(M7)-ROW($C$4))*7)} -> 0 | N98: {=INDIRECT("Sheet2!AD" & 10 + (ROW(N7)-ROW($C$4))*7)} -> 0 | O98: {=INDIRECT("Sheet2!AE" & 10 + (ROW(O7)-ROW($C$4))*7)} -> 0
C99: {=INDIRECT("Sheet2!S" & 10 + (ROW(C8)-ROW($C$4))*7)} -> 0 | D99: {=INDIRECT("Sheet2!T" & 10 + (ROW(D8)-ROW($C$4))*7)} -> 0 | E99: {=INDIRECT("Sheet2!U" & 10 + (ROW(E8)-ROW($C$4))*7)} -> 0 | F99: {=INDIRECT("Sheet2!V" & 10 + (ROW(F8)-ROW($C$4))*7)} -> 0 | G99: {=INDIRECT("Sheet2!W" & 10 + (ROW(G8)-ROW($C$4))*7)} -> 0 | H99: {=INDIRECT("Sheet2!X" & 10 + (ROW(H8)-ROW($C$4))*7)} -> 0 | I99: {=INDIRECT("Sheet2!Y" & 10 + (ROW(I8)-ROW($C$4))*7)} -> 0 | J99: {=INDIRECT("Sheet2!Z" & 10 + (ROW(J8)-ROW($C$4))*7)} -> 0 | K99: {=INDIRECT("Sheet2!AA" & 10 + (ROW(K8)-ROW($C$4))*7)} -> 0 | L99: {=INDIRECT("Sheet2!AB" & 10 + (ROW(L8)-ROW($C$4))*7)} -> 0 | M99: {=INDIRECT("Sheet2!AC" & 10 + (ROW(M8)-ROW($C$4))*7)} -> 0 | N99: {=INDIRECT("Sheet2!AD" & 10 + (ROW(N8)-ROW($C$4))*7)} -> 0 | O99: {=INDIRECT("Sheet2!AE" & 10 + (ROW(O8)-ROW($C$4))*7)} -> 0
C100: {=INDIRECT("Sheet2!S" & 10 + (ROW(C9)-ROW($C$4))*7)} -> 0 | D100: {=INDIRECT("Sheet2!T" & 10 + (ROW(D9)-ROW($C$4))*7)} -> 0 | E100: {=INDIRECT("Sheet2!U" & 10 + (ROW(E9)-ROW($C$4))*7)} -> 0 | F100: {=INDIRECT("Sheet2!V" & 10 + (ROW(F9)-ROW($C$4))*7)} -> 0 | G100: {=INDIRECT("Sheet2!W" & 10 + (ROW(G9)-ROW($C$4))*7)} -> 0 | H100: {=INDIRECT("Sheet2!X" & 10 + (ROW(H9)-ROW($C$4))*7)} -> 0 | I100: {=INDIRECT("Sheet2!Y" & 10 + (ROW(I9)-ROW($C$4))*7)} -> 0 | J100: {=INDIRECT("Sheet2!Z" & 10 + (ROW(J9)-ROW($C$4))*7)} -> 0 | K100: {=INDIRECT("Sheet2!AA" & 10 + (ROW(K9)-ROW($C$4))*7)} -> 0 | L100: {=INDIRECT("Sheet2!AB" & 10 + (ROW(L9)-ROW($C$4))*7)} -> 0 | M100: {=INDIRECT("Sheet2!AC" & 10 + (ROW(M9)-ROW($C$4))*7)} -> 0 | N100: {=INDIRECT("Sheet2!AD" & 10 + (ROW(N9)-ROW($C$4))*7)} -> 0 | O100: {=INDIRECT("Sheet2!AE" & 10 + (ROW(O9)-ROW($C$4))*7)} -> 0
C101: {=INDIRECT("Sheet2!S" & 10 + (ROW(C10)-ROW($C$4))*7)} -> 0 | D101: {=INDIRECT("Sheet2!T" & 10 + (ROW(D10)-ROW($C$4))*7)} -> 0 | E101: {=INDIRECT("Sheet2!U" & 10 + (ROW(E10)-ROW($C$4))*7)} -> 0 | F101: {=INDIRECT("Sheet2!V" & 10 + (ROW(F10)-ROW($C$4))*7)} -> 0 | G101: {=INDIRECT("Sheet2!W" & 10 + (ROW(G10)-ROW($C$4))*7)} -> 0 | H101: {=INDIRECT("Sheet2!X" & 10 + (ROW(H10)-ROW($C$4))*7)} -> 0 | I101: {=INDIRECT("Sheet2!Y" & 10 + (ROW(I10)-ROW($C$4))*7)} -> 0 | J101: {=INDIRECT("Sheet2!Z" & 10 + (ROW(J10)-ROW($C$4))*7)} -> 0 | K101: {=INDIRECT("Sheet2!AA" & 10 + (ROW(K10)-ROW($C$4))*7)} -> 0 | L101: {=INDIRECT("Sheet2!AB" & 10 + (ROW(L10)-ROW($C$4))*7)} -> 0 | M101: {=INDIRECT("Sheet2!AC" & 10 + (ROW(M10)-ROW($C$4))*7)} -> 0 | N101: {=INDIRECT("Sheet2!AD" & 10 + (ROW(N10)-ROW($C$4))*7)} -> 0 | O101: {=INDIRECT("Sheet2!AE" & 10 + (ROW(O10)-ROW($C$4))*7)} -> 0
C102: {=INDIRECT("Sheet2!S" & 10 + (ROW(C11)-ROW($C$4))*7)} -> 0 | D102: {=INDIRECT("Sheet2!T" & 10 + (ROW(D11)-ROW($C$4))*7)} -> 0 | E102: {=INDIRECT("Sheet2!U" & 10 + (ROW(E11)-ROW($C$4))*7)} -> 0 | F102: {=INDIRECT("Sheet2!V" & 10 + (ROW(F11)-ROW($C$4))*7)} -> 0 | G102: {=INDIRECT("Sheet2!W" & 10 + (ROW(G11)-ROW($C$4))*7)} -> 0 | H102: {=INDIRECT("Sheet2!X" & 10 + (ROW(H11)-ROW($C$4))*7)} -> 0 | I102: {=INDIRECT("Sheet2!Y" & 10 + (ROW(I11)-ROW($C$4))*7)} -> 0 | J102: {=INDIRECT("Sheet2!Z" & 10 + (ROW(J11)-ROW($C$4))*7)} -> 0 | K102: {=INDIRECT("Sheet2!AA" & 10 + (ROW(K11)-ROW($C$4))*7)} -> 0 | L102: {=INDIRECT("Sheet2!AB" & 10 + (ROW(L11)-ROW($C$4))*7)} -> 0 | M102: {=INDIRECT("Sheet2!AC" & 10 + (ROW(M11)-ROW($C$4))*7)} -> 0 | N102: {=INDIRECT("Sheet2!AD" & 10 + (ROW(N11)-ROW($C$4))*7)} -> 0 | O102: {=INDIRECT("Sheet2!AE" & 10 + (ROW(O11)-ROW($C$4))*7)} -> 0
C103: {=INDIRECT("Sheet2!S" & 10 + (ROW(C12)-ROW($C$4))*7)} -> 0 | D103: {=INDIRECT("Sheet2!T" & 10 + (ROW(D12)-ROW($C$4))*7)} -> 0 | E103: {=INDIRECT("Sheet2!U" & 10 + (ROW(E12)-ROW($C$4))*7)} -> 0 | F103: {=INDIRECT("Sheet2!V" & 10 + (ROW(F12)-ROW($C$4))*7)} -> 0 | G103: {=INDIRECT("Sheet2!W" & 10 + (ROW(G12)-ROW($C$4))*7)} -> 0 | H103: {=INDIRECT("Sheet2!X" & 10 + (ROW(H12)-ROW($C$4))*7)} -> 0 | I103: {=INDIRECT("Sheet2!Y" & 10 + (ROW(I12)-ROW($C$4))*7)} -> 0 | J103: {=INDIRECT("Sheet2!Z" & 10 + (ROW(J12)-ROW($C$4))*7)} -> 0 | K103: {=INDIRECT("Sheet2!AA" & 10 + (ROW(K12)-ROW($C$4))*7)} -> 0 | L103: {=INDIRECT("Sheet2!AB" & 10 + (ROW(L12)-ROW($C$4))*7)} -> 0 | M103: {=INDIRECT("Sheet2!AC" & 10 + (ROW(M12)-ROW($C$4))*7)} -> 0 | N103: {=INDIRECT("Sheet2!AD" & 10 + (ROW(N12)-ROW($C$4))*7)} -> 0 | O103: {=INDIRECT("Sheet2!AE" & 10 + (ROW(O12)-ROW($C$4))*7)} -> 0
C104: {=INDIRECT("Sheet2!S" & 10 + (ROW(C13)-ROW($C$4))*7)} -> 0 | D104: {=INDIRECT("Sheet2!T" & 10 + (ROW(D13)-ROW($C$4))*7)} -> 0 | E104: {=INDIRECT("Sheet2!U" & 10 + (ROW(E13)-ROW($C$4))*7)} -> 0 | F104: {=INDIRECT("Sheet2!V" & 10 + (ROW(F13)-ROW($C$4))*7)} -> 0 | G104: {=INDIRECT("Sheet2!W" & 10 + (ROW(G13)-ROW($C$4))*7)} -> 0 | H104: {=INDIRECT("Sheet2!X" & 10 + (ROW(H13)-ROW($C$4))*7)} -> 0 | I104: {=INDIRECT("Sheet2!Y" & 10 + (ROW(I13)-ROW($C$4))*7)} -> 0 | J104: {=INDIRECT("Sheet2!Z" & 10 + (ROW(J13)-ROW($C$4))*7)} -> 0 | K104: {=INDIRECT("Sheet2!AA" & 10 + (ROW(K13)-ROW($C$4))*7)} -> 0 | L104: {=INDIRECT("Sheet2!AB" & 10 + (ROW(L13)-ROW($C$4))*7)} -> 0 | M104: {=INDIRECT("Sheet2!AC" & 10 + (ROW(M13)-ROW($C$4))*7)} -> 0 | N104: {=INDIRECT("Sheet2!AD" & 10 + (ROW(N13)-ROW($C$4))*7)} -> 0 | O104: {=INDIRECT("Sheet2!AE" & 10 + (ROW(O13)-ROW($C$4))*7)} -> 0
C105: {=INDIRECT("Sheet2!S" & 10 + (ROW(C14)-ROW($C$4))*7)} -> 0 | D105: {=INDIRECT("Sheet2!T" & 10 + (ROW(D14)-ROW($C$4))*7)} -> 0 | E105: {=INDIRECT("Sheet2!U" & 10 + (ROW(E14)-ROW($C$4))*7)} -> 0 | F105: {=INDIRECT("Sheet2!V" & 10 + (ROW(F14)-ROW($C$4))*7)} -> 0 | G105: {=INDIRECT("Sheet2!W" & 10 + (ROW(G14)-ROW($C$4))*7)} -> 0 | H105: {=INDIRECT("Sheet2!X" & 10 + (ROW(H14)-ROW($C$4))*7)} -> 0 | I105: {=INDIRECT("Sheet2!Y" & 10 + (ROW(I14)-ROW($C$4))*7)} -> 0 | J105: {=INDIRECT("Sheet2!Z" & 10 + (ROW(J14)-ROW($C$4))*7)} -> 0 | K105: {=INDIRECT("Sheet2!AA" & 10 + (ROW(K14)-ROW($C$4))*7)} -> 0 | L105: {=INDIRECT("Sheet2!AB" & 10 + (ROW(L14)-ROW($C$4))*7)} -> 0 | M105: {=INDIRECT("Sheet2!AC" & 10 + (ROW(M14)-ROW($C$4))*7)} -> 0 | N105: {=INDIRECT("Sheet2!AD" & 10 + (ROW(N14)-ROW($C$4))*7)} -> 0 | O105: {=INDIRECT("Sheet2!AE" & 10 + (ROW(O14)-ROW($C$4))*7)} -> 0
C106: {=INDIRECT("Sheet2!S" & 10 + (ROW(C15)-ROW($C$4))*7)} -> 0 | D106: {=INDIRECT("Sheet2!T" & 10 + (ROW(D15)-ROW($C$4))*7)} -> 0 | E106: {=INDIRECT("Sheet2!U" & 10 + (ROW(E15)-ROW($C$4))*7)} -> 0 | F106: {=INDIRECT("Sheet2!V" & 10 + (ROW(F15)-ROW($C$4))*7)} -> 0 | G106: {=INDIRECT("Sheet2!W" & 10 + (ROW(G15)-ROW($C$4))*7)} -> 0 | H106: {=INDIRECT("Sheet2!X" & 10 + (ROW(H15)-ROW($C$4))*7)} -> 0 | I106: {=INDIRECT("Sheet2!Y" & 10 + (ROW(I15)-ROW($C$4))*7)} -> 0 | J106: {=INDIRECT("Sheet2!Z" & 10 + (ROW(J15)-ROW($C$4))*7)} -> 0 | K106: {=INDIRECT("Sheet2!AA" & 10 + (ROW(K15)-ROW($C$4))*7)} -> 0 | L106: {=INDIRECT("Sheet2!AB" & 10 + (ROW(L15)-ROW($C$4))*7)} -> 0 | M106: {=INDIRECT("Sheet2!AC" & 10 + (ROW(M15)-ROW($C$4))*7)} -> 0 | N106: {=INDIRECT("Sheet2!AD" & 10 + (ROW(N15)-ROW($C$4))*7)} -> 0 | O106: {=INDIRECT("Sheet2!AE" & 10 + (ROW(O15)-ROW($C$4))*7)} -> 0
... C132: {=INDIRECT("Sheet2!S" & 10 + (ROW(C41)-ROW($C$4))*7)} -> 0 | D132: {=INDIRECT("Sheet2!T" & 10 + (ROW(D41)-ROW($C$4))*7)} -> 0 | E132: {=INDIRECT("Sheet2!U" & 10 + (ROW(E41)-ROW($C$4))*7)} -> 0 | F132: {=INDIRECT("Sheet2!V" & 10 + (ROW(F41)-ROW($C$4))*7)} -> 0 | G132: {=INDIRECT("Sheet2!W" & 10 + (ROW(G41)-ROW($C$4))*7)} -> 0 | H132: {=INDIRECT("Sheet2!X" & 10 + (ROW(H41)-ROW($C$4))*7)} -> 0 | I132: {=INDIRECT("Sheet2!Y" & 10 + (ROW(I41)-ROW($C$4))*7)} -> 0 | J132: {=INDIRECT("Sheet2!Z" & 10 + (ROW(J41)-ROW($C$4))*7)} -> 0 | K132: {=INDIRECT("Sheet2!AA" & 10 + (ROW(K41)-ROW($C$4))*7)} -> 0 | L132: {=INDIRECT("Sheet2!AB" & 10 + (ROW(L41)-ROW($C$4))*7)} -> 0 | M132: {=INDIRECT("Sheet2!AC" & 10 + (ROW(M41)-ROW($C$4))*7)} -> 0 | N132: {=INDIRECT("Sheet2!AD" & 10 + (ROW(N41)-ROW($C$4))*7)} -> 0 | O132: {=INDIRECT("Sheet2!AE" & 10 + (ROW(O41)-ROW($C$4))*7)} -> 0
B133: Total | C133: =SUM(C95:C132) -> 0 | D133: =SUM(D95:D132) -> 0 | E133: =SUM(E95:E132) -> 0 | F133: =SUM(F95:F132) -> 0 | G133: =SUM(G95:G132) -> 0 | H133: =SUM(H95:H132) -> 0 | I133: =SUM(I95:I132) -> 0 | J133: =SUM(J95:J132) -> 0 | ... O133: =SUM(O95:O132) -> 0
B142: Total CS
C143: =C89+C133 -> 0 | D143: =D89+D133 -> 0 | E143: =E89+E133 -> 0 | F143: =F89+F133 -> 0 | G143: =G89+G133 -> 0 | H143: =H89+H133 -> 0 | I143: =I89+I133 -> 0 | J143: =J89+J133 -> 0 | ... S143: =S89+S133 -> 0
B147: XL Box 1 Points
C148: {=INDEX(Sheet2!$D$300:$Z$300, COLUMN(A1))} -> 0 | D148: {=INDEX(Sheet2!$D$300:$Z$300, COLUMN(B1))} -> 0 | E148: {=INDEX(Sheet2!$D$300:$Z$300, COLUMN(C1))} -> 0 | F148: {=INDEX(Sheet2!$D$300:$Z$300, COLUMN(D1))} -> 0 | G148: {=INDEX(Sheet2!$D$300:$Z$300, COLUMN(E1))} -> 0 | H148: {=INDEX(Sheet2!$D$300:$Z$300, COLUMN(F1))} -> 0 | I148: {=INDEX(Sheet2!$D$300:$Z$300, COLUMN(G1))} -> 0 | J148: {=INDEX(Sheet2!$D$300:$Z$300, COLUMN(H1))} -> 0 | ... S148: {=INDEX(Sheet2!$D$300:$Z$300, COLUMN(Q1))} -> 0
B151: XL Box CS | C151: {=INDEX(Sheet2!$D$301:$Z$301, COLUMN(A1))} -> 0 | D151: {=INDEX(Sheet2!$D$301:$Z$301, COLUMN(B1))} -> 0 | E151: {=INDEX(Sheet2!$D$301:$Z$301, COLUMN(C1))} -> 0 | F151: {=INDEX(Sheet2!$D$301:$Z$301, COLUMN(D1))} -> 0 | G151: {=INDEX(Sheet2!$D$301:$Z$301, COLUMN(E1))} -> 0 | H151: {=INDEX(Sheet2!$D$301:$Z$301, COLUMN(F1))} -> 0 | I151: {=INDEX(Sheet2!$D$301:$Z$301, COLUMN(G1))} -> 0 | J151: {=INDEX(Sheet2!$D$301:$Z$301, COLUMN(H1))} -> 0 | ... S151: {=INDEX(Sheet2!$D$301:$Z$301, COLUMN(Q1))} -> 0
L152: Total CS | N152: Total Points | P152: EX Points | R152: PL and EX CS | T152: PL Points | V152: XL Box 1 | X152: XL Box 1 CS
L153: =R153+X153 -> 0 | N153: =P153+T153+V153 -> 0 | P153: {=INDEX($C$42:$X$42, ROW(A1))} -> 0 | R153: {=INDEX($C$143:$X$143, ROW(A1))} -> 0 | T153: {=TRANSPOSE('Score Board'!C42:O42)} -> 0 | U153: {=INDEX('Score Board'!$C$32:$I$42, INT((ROW(A1)-1)/COLUMNS('Score Board'!$C$32:$I$42))+1, MOD(ROW(A1)-1, COLUMNS('Score Board'!$C$32:$I$42))+1)} | V153: {=INDEX($C$148:$X148, ROW(A1))} -> 0 | X153: {=INDEX($C$151:$X151, ROW(A1))} -> 0
L154: =R154+X154 -> 0 | N154: =P154+T154+V154 -> 0 | P154: {=INDEX($C$42:$X$42, ROW(A2))} -> 0 | R154: {=INDEX($C$143:$X$143, ROW(A2))} -> 0 | T154: 0 | U154: {=INDEX('Score Board'!$C$32:$I$42, INT((ROW(A2)-1)/COLUMNS('Score Board'!$C$32:$I$42))+1, MOD(ROW(A2)-1, COLUMNS('Score Board'!$C$32:$I$42))+1)} | V154: {=INDEX($C$148:$X148, ROW(A2))} -> 0 | X154: {=INDEX($C$151:$X151, ROW(A2))} -> 0
L155: =R155+X155 -> 0 | N155: =P155+T155+V155 -> 0 | P155: {=INDEX($C$42:$X$42, ROW(A3))} -> 0 | R155: {=INDEX($C$143:$X$143, ROW(A3))} -> 0 | T155: 0 | U155: {=INDEX('Score Board'!$C$32:$I$42, INT((ROW(A3)-1)/COLUMNS('Score Board'!$C$32:$I$42))+1, MOD(ROW(A3)-1, COLUMNS('Score Board'!$C$32:$I$42))+1)} | V155: {=INDEX($C$148:$X148, ROW(A3))} -> 0 | X155: {=INDEX($C$151:$X151, ROW(A3))} -> 0
L156: =R156+X156 -> 0 | N156: =P156+T156+V156 -> 0 | P156: {=INDEX($C$42:$X$42, ROW(A4))} -> 0 | R156: {=INDEX($C$143:$X$143, ROW(A4))} -> 0 | T156: 0 | U156: {=INDEX('Score Board'!$C$32:$I$42, INT((ROW(A4)-1)/COLUMNS('Score Board'!$C$32:$I$42))+1, MOD(ROW(A4)-1, COLUMNS('Score Board'!$C$32:$I$42))+1)} | V156: {=INDEX($C$148:$X148, ROW(A4))} -> 0 | X156: {=INDEX($C$151:$X151, ROW(A4))} -> 0
L157: =R157+X157 -> 0 | N157: =P157+T157+V157 -> 0 | P157: {=INDEX($C$42:$X$42, ROW(A5))} -> 0 | R157: {=INDEX($C$143:$X$143, ROW(A5))} -> 0 | T157: 0 | U157: {=INDEX('Score Board'!$C$32:$I$42, INT((ROW(A5)-1)/COLUMNS('Score Board'!$C$32:$I$42))+1, MOD(ROW(A5)-1, COLUMNS('Score Board'!$C$32:$I$42))+1)} | V157: {=INDEX($C$148:$X148, ROW(A5))} -> 0 | X157: {=INDEX($C$151:$X151, ROW(A5))} -> 0
L158: =R158+X158 -> 0 | N158: =P158+T158+V158 -> 0 | P158: {=INDEX($C$42:$X$42, ROW(A6))} -> 0 | R158: {=INDEX($C$143:$X$143, ROW(A6))} -> 0 | T158: 0 | U158: {=INDEX('Score Board'!$C$32:$I$42, INT((ROW(A6)-1)/COLUMNS('Score Board'!$C$32:$I$42))+1, MOD(ROW(A6)-1, COLUMNS('Score Board'!$C$32:$I$42))+1)} | V158: {=INDEX($C$148:$X148, ROW(A6))} -> 0 | X158: {=INDEX($C$151:$X151, ROW(A6))} -> 0
L159: =R159+X159 -> 0 | N159: =P159+T159+V159 -> 0 | P159: {=INDEX($C$42:$X$42, ROW(A7))} -> 0 | R159: {=INDEX($C$143:$X$143, ROW(A7))} -> 0 | T159: 0 | U159: {=INDEX('Score Board'!$C$32:$I$42, INT((ROW(A7)-1)/COLUMNS('Score Board'!$C$32:$I$42))+1, MOD(ROW(A7)-1, COLUMNS('Score Board'!$C$32:$I$42))+1)} | V159: {=INDEX($C$148:$X148, ROW(A7))} -> 0 | X159: {=INDEX($C$151:$X151, ROW(A7))} -> 0
L160: =R160+X160 -> 0 | N160: =P160+T160+V160 -> 0 | P160: {=INDEX($C$42:$X$42, ROW(A8))} -> 0 | R160: {=INDEX($C$143:$X$143, ROW(A8))} -> 0 | T160: 0 | V160: {=INDEX($C$148:$X148, ROW(A8))} -> 0 | X160: {=INDEX($C$151:$X151, ROW(A8))} -> 0
L161: =R161+X161 -> 0 | N161: =P161+T161+V161 -> 0 | P161: {=INDEX($C$42:$X$42, ROW(A9))} -> 0 | R161: {=INDEX($C$143:$X$143, ROW(A9))} -> 0 | T161: 0 | V161: {=INDEX($C$148:$X148, ROW(A9))} -> 0 | X161: {=INDEX($C151:$X$151, ROW(A9))} -> 0
L162: =R162+X162 -> 0 | N162: =P162+T162+V162 -> 0 | P162: {=INDEX($C$42:$X$42, ROW(A10))} -> 0 | R162: {=INDEX($C$143:$X$143, ROW(A10))} -> 0 | T162: 0 | V162: {=INDEX($C$148:$X148, ROW(A10))} -> 0 | X162: {=INDEX($C$151:$X151, ROW(A10))} -> 0
L163: =R163+X163 -> 0 | N163: =P163+T163+V163 -> 0 | P163: {=INDEX($C$42:$X$42, ROW(A11))} -> 0 | R163: {=INDEX($C$143:$X$143, ROW(A11))} -> 0 | T163: 0 | V163: {=INDEX($C$148:$X148, ROW(A11))} -> 0 | X163: {=INDEX($C$151:$X151, ROW(A11))} -> 0
L164: =R164+X164 -> 0 | N164: =P164+T164+V164 -> 0 | P164: {=INDEX($C$42:$X$42, ROW(A12))} -> 0 | R164: {=INDEX($C$143:$X$143, ROW(A12))} -> 0 | T164: 0 | V164: {=INDEX($C$148:$X148, ROW(A12))} -> 0 | X164: {=INDEX($C$151:$X151, ROW(A12))} -> 0
L165: =R165+X165 -> 0 | N165: =P165+T165+V165 -> 0 | P165: {=INDEX($C$42:$X$42, ROW(A13))} -> 0 | R165: {=INDEX($C$143:$X$143, ROW(A13))} -> 0 | T165: 0 | V165: {=INDEX($C$148:$X148, ROW(A13))} -> 0 | X165: {=INDEX($C$151:$X151, ROW(A13))} -> 0
M174: Callum
M175: Charlotte
M176: Ellena
M177: George
M178: Harry
M179: Nicola
M180: Reece
M181: Rory
M182: Ruby
M183: Sam A
M184: Sam L
M185: Will
M186: Caius

Sheet PredictionsOLD
A3: GW2 | D3: Callum | E3: Sam | F3: Reece | G3: Ellena | H3: Faizan | I3: Rory | O3: GW20 | R3: Callum | S3: Sam | T3: Reece | U3: Ellena | V3: Faizan | W3: Rory
D7: 1 | E7: 1 | F7: 2 | G7: 54 | H7: 45 | I7: 74 | Q7: Total
C10: Match Winner | D10: 1 PT
C11: Correct Score | D11: 3 PTS
A14: GW3 | D14: Callum | E14: Sam | F14: Reece | G14: Ellena | H14: Faizan | I14: Rory | O14: GW21 | R14: Callum | S14: Sam | T14: Reece | U14: Ellena | V14: Faizan | W14: Rory
Q18: Total
A21: GW4 | D21: Callum | E21: Sam | F21: Reece | G21: Ellena | H21: Faizan | I21: Rory | O21: GW22 | R21: Callum | S21: Sam | T21: Reece | U21: Ellena | V21: Faizan | W21: Rory
C25: Total | Q25: Total
A28: GW5 | D28: Callum | E28: Sam | F28: Reece | G28: Ellena | H28: Faizan | I28: Rory | O28: GW23 | R28: Callum | S28: Sam | T28: Reece | U28: Ellena | V28: Faizan | W28: Rory
C32: Total | Q32: Total
A35: GW6 | D35: Callum | E35: Sam | F35: Reece | G35: Ellena | H35: Faizan | I35: Rory | O35: GW24 | R35: Callum | S35: Sam | T35: Reece | U35: Ellena | V35: Faizan | W35: Rory
C39: Total | Q39: Total
A42: GW7 | D42: Callum | E42: Sam | F42: Reece | G42: Ellena | H42: Faizan | I42: Rory | O42: GW25 | R42: Callum | S42: Sam | T42: Reece | U42: Ellena | V42: Faizan | W42: Rory
C46: Total | Q46: Total
A49: GW8 | D49: Callum | E49: Sam | F49: Reece | G49: Ellena | H49: Faizan | I49: Rory | O49: GW26 | R49: Callum | S49: Sam | T49: Reece | U49: Ellena | V49: Faizan | W49: Rory
C53: Total | Q53: Total
A56: GW9 | D56: Callum | E56: Sam | F56: Reece | G56: Ellena | H56: Faizan | I56: Rory | O56: GW27 | R56: Callum | S56: Sam | T56: Reece | U56: Ellena | V56: Faizan | W56: Rory
C60: Total | Q60: Total
A63: GW10 | D63: Callum | E63: Sam | F63: Reece | G63: Ellena | H63: Faizan | I63: Rory | O63: GW28 | R63: Callum | S63: Sam | T63: Reece | U63: Ellena | V63: Faizan | W63: Rory
C67: Total | Q67: Total
D70: Callum | E70: Sam | F70: Reece | G70: Ellena | H70: Faizan | I70: Rory | O70: GW29 | R70: Callum | S70: Sam | T70: Reece | U70: Ellena | V70: Faizan | W70: Rory
C74: Total | Q74: Total
A77: GW11 | D77: Callum | E77: Sam | F77: Reece | G77: Ellena | H77: Faizan | I77: Rory | O77: GW30 | R77: Callum | S77: Sam | T77: Reece | U77: Ellena | V77: Faizan | W77: Rory
C81: Total | Q81: Total
A84: GW12 | D84: Callum | E84: Sam | F84: Reece | G84: Ellena | H84: Faizan | I84: Rory | O84: GW31 | R84: Callum | S84: Sam | T84: Reece | U84: Ellena | V84: Faizan | W84: Rory
C88: Total | Q88: Total
A91: GW13 | D91: Callum | E91: Sam | F91: Reece | G91: Ellena | H91: Faizan | I91: Rory | O91: GW32 | R91: Callum | S91: Sam | T91: Reece | U91: Ellena | V91: Faizan | W91: Rory
C95: Total | Q95: Total
A98: GW14 | D98: Callum | E98: Sam | F98: Reece | G98: Ellena | H98: Faizan | I98: Rory | O98: GW33 | R98: Callum | S98: Sam | T98: Reece | U98: Ellena | V98: Faizan | W98: Rory
C102: Total | Q102: Total
A105: GW15 | D105: Callum | E105: Sam | F105: Reece | G105: Ellena | H105: Faizan | I105: Rory | O105: GW34 | R105: Callum | S105: Sam | T105: Reece | U105: Ellena | V105: Faizan | W105: Rory
C109: Total | Q109: Total
A112: GW16 | D112: Callum | E112: Sam | F112: Reece | G112: Ellena | H112: Faizan | I112: Rory | O112: GW35 | R112: Callum | S112: Sam | T112: Reece | U112: Ellena | V112: Faizan | W112: Rory
C116: Total | Q116: Total
A119: GW17 | D119: Callum | E119: Sam | F119: Reece | G119: Ellena | H119: Faizan | I119: Rory | O119: GW36 | R119: Callum | S119: Sam | T119: Reece | U119: Ellena | V119: Faizan | W119: Rory
C123: Total | Q123: Total
A126: GW18 | D126: Callum | E126: Sam | F126: Reece | G126: Ellena | H126: Faizan | I126: Rory | O126: GW37 | R126: Callum | S126: Sam | T126: Reece | U126: Ellena | V126: Faizan | W126: Rory
C130: Total | Q130: Total
A133: GW19 | D133: Callum | E133: Sam | F133: Reece | G133: Ellena | H133: Faizan | I133: Rory | O133: GW38 | R133: Callum | S133: Sam | T133: Reece | U133: Ellena | V133: Faizan | W133: Rory
C137: Total | Q137: Total
